rank,word,lemma,part_of_speech,frequency,level
1,the,the,DET,22038615,1
2,be,be,VERB,12545825,1
3,and,and,CONJ,10741073,1
4,of,of,ADP,10343885,1
5,a,a,DET,10144200,1
6,in,in,ADP,6996437,1
7,to,to,PART,6332195,1
8,have,have,VERB,4303955,1
9,it,it,PRON,3872477,1
10,I,i,PRON,3978265,1
11,that,that,SCONJ,3430996,1
12,for,for,ADP,3281454,1
13,you,you,PRON,3081151,1
14,he,he,PRON,2909254,1
15,with,with,ADP,2683014,1
16,on,on,ADP,2485306,1
17,do,do,VERB,2573587,1
18,say,say,VERB,1915138,1
19,this,this,DET,1885366,1
20,they,they,PRON,1865580,1
21,at,at,ADP,1709570,1
22,but,but,CCONJ,1578677,1
23,we,we,PRON,1539478,1
24,his,his,DET,1519508,1
25,from,from,ADP,1395834,1
26,not,not,PART,1368838,1
27,by,by,ADP,1350590,1
28,she,she,PRON,1283717,1
29,or,or,CCONJ,1188384,1
30,as,as,ADP,1171686,1
31,what,what,PRON,1134930,1
32,go,go,VERB,1123368,1
33,their,their,DET,1093287,1
34,can,can,AUX,1082388,1
35,who,who,PRON,1040920,1
36,get,get,VERB,1016518,1
37,if,if,SCONJ,967384,1
38,would,would,AUX,959494,1
39,her,her,DET,918138,1
40,all,all,DET,893002,1
41,my,my,DET,879194,1
42,make,make,VERB,874897,1
43,about,about,ADP,834572,1
44,know,know,VERB,821985,1
45,will,will,AUX,815320,1
46,up,up,ADP,780399,1
47,one,one,NUM,744320,1
48,time,time,NOUN,717285,1
49,there,there,ADV,704200,1
50,year,year,NOUN,695685,1
51,so,so,ADV,688100,1
52,think,think,VERB,681520,1
53,when,when,SCONJ,669875,1
54,which,which,PRON,656380,1
55,them,them,PRON,645200,1
56,some,some,DET,632150,1
57,me,me,PRON,620875,1
58,people,people,NOUN,615320,1
59,take,take,VERB,608750,1
60,out,out,ADP,601200,1
61,into,into,ADP,593650,1
62,just,just,ADV,586100,1
63,see,see,VERB,578550,1
64,him,him,PRON,571000,1
65,your,your,DET,563450,1
66,come,come,VERB,555900,1
67,could,could,AUX,548350,1
68,now,now,ADV,540800,1
69,than,than,SCONJ,533250,1
70,like,like,ADP,525700,1
71,other,other,ADJ,518150,1
72,how,how,ADV,510600,1
73,then,then,ADV,503050,1
74,its,its,DET,495500,1
75,our,our,DET,487950,1
76,two,two,NUM,480400,1
77,more,more,ADV,472850,1
78,these,these,DET,465300,1
79,want,want,VERB,457750,1
80,way,way,NOUN,450200,1
81,look,look,VERB,442650,1
82,first,first,ADJ,435100,1
83,also,also,ADV,427550,1
84,new,new,ADJ,420000,1
85,because,because,SCONJ,412450,1
86,day,day,NOUN,404900,1
87,use,use,VERB,397350,1
88,no,no,DET,389800,1
89,man,man,NOUN,382250,1
90,find,find,VERB,374700,1
91,here,here,ADV,367150,1
92,thing,thing,NOUN,359600,1
93,give,give,VERB,352050,1
94,many,many,DET,344500,1
95,well,well,ADV,336950,1
96,only,only,ADV,329400,1
97,those,those,DET,321850,1
98,tell,tell,VERB,314300,1
99,very,very,ADV,306750,1
100,even,even,ADV,299200,1
101,back,back,ADV,291650,1
102,any,any,DET,284100,1
103,good,good,ADJ,276550,1
104,woman,woman,NOUN,269000,1
105,through,through,ADP,261450,1
106,us,us,PRON,253900,1
107,life,life,NOUN,246350,1
108,child,child,NOUN,238800,1
109,work,work,NOUN,231250,1
110,down,down,ADP,223700,1
111,may,may,AUX,216150,1
112,after,after,ADP,208600,1
113,should,should,AUX,201050,1
114,call,call,VERB,193500,1
115,world,world,NOUN,185950,1
116,over,over,ADP,178400,1
117,school,school,NOUN,170850,1
118,still,still,ADV,163300,1
119,try,try,VERB,155750,1
120,last,last,ADJ,148200,1
121,ask,ask,VERB,140650,1
122,need,need,VERB,133100,1
123,too,too,ADV,125550,1
124,feel,feel,VERB,118000,1
125,three,three,NUM,110450,1
126,state,state,NOUN,102900,1
127,never,never,ADV,95350,1
128,become,become,VERB,87800,1
129,between,between,ADP,80250,1
130,high,high,ADJ,72700,1
131,really,really,ADV,65150,1
132,something,something,PRON,57600,1
133,most,most,ADV,50050,1
134,another,another,DET,42500,1
135,much,much,ADV,34950,1
136,family,family,NOUN,27400,1
137,own,own,ADJ,19850,1
138,leave,leave,VERB,12300,1
139,put,put,VERB,11800,1
140,old,old,ADJ,11300,1
141,while,while,SCONJ,10800,1
142,mean,mean,VERB,10300,1
143,keep,keep,VERB,9800,1
144,student,student,NOUN,9300,1
145,why,why,ADV,8800,1
146,let,let,VERB,8300,1
147,great,great,ADJ,7800,1
148,same,same,ADJ,7300,1
149,big,big,ADJ,6800,1
150,group,group,NOUN,6300,1
151,begin,begin,VERB,5800,1
152,seem,seem,VERB,5300,1
153,country,country,NOUN,4800,1
154,help,help,VERB,4300,1
155,talk,talk,VERB,3800,1
156,where,where,ADV,3300,1
157,turn,turn,VERB,2800,1
158,problem,problem,NOUN,2300,1
159,every,every,DET,1800,1
160,start,start,VERB,1300,1
161,hand,hand,NOUN,800,1
162,might,might,AUX,750,1
163,American,american,ADJ,700,1
164,show,show,VERB,650,1
165,part,part,NOUN,600,1
166,against,against,ADP,550,1
167,place,place,NOUN,500,1
168,such,such,DET,450,1
169,again,again,ADV,400,1
170,few,few,DET,350,1
171,case,case,NOUN,300,1
172,week,week,NOUN,250,1
173,company,company,NOUN,200,1
174,system,system,NOUN,150,1
175,each,each,DET,100,1
176,right,right,ADJ,95,1
177,program,program,NOUN,90,1
178,hear,hear,VERB,85,1
179,question,question,NOUN,80,1
180,during,during,ADP,75,1
181,play,play,VERB,70,1
182,government,government,NOUN,65,1
183,run,run,VERB,60,1
184,small,small,ADJ,55,1
185,number,number,NOUN,50,1
186,off,off,ADP,45,1
187,always,always,ADV,40,1
188,move,move,VERB,35,1
189,night,night,NOUN,30,1
190,live,live,VERB,25,1
191,point,point,NOUN,20,1
192,believe,believe,VERB,15,1
193,hold,hold,VERB,10,1
194,today,today,NOUN,9,1
195,bring,bring,VERB,8,1
196,happen,happen,VERB,7,1
197,next,next,ADJ,6,1
198,without,without,ADP,5,1
199,before,before,ADP,4,1
200,large,large,ADJ,3,1
201,million,million,NUM,2,1
202,must,must,AUX,1,1
203,home,home,NOUN,1,1
204,under,under,ADP,1,1
205,water,water,NOUN,1,1
206,room,room,NOUN,1,1
207,write,write,VERB,1,1
208,mother,mother,NOUN,1,1
209,area,area,NOUN,1,1
210,national,national,ADJ,1,1
211,money,money,NOUN,1,1
212,story,story,NOUN,1,1
213,young,young,ADJ,1,1
214,fact,fact,NOUN,1,1
215,month,month,NOUN,1,1
216,different,different,ADJ,1,1
217,lot,lot,NOUN,1,1
218,study,study,NOUN,1,1
219,book,book,NOUN,1,1
220,eye,eye,NOUN,1,1
221,job,job,NOUN,1,1
222,word,word,NOUN,1,1
223,though,though,SCONJ,1,1
224,business,business,NOUN,1,1
225,issue,issue,NOUN,1,1
226,side,side,NOUN,1,1
227,kind,kind,NOUN,1,1
228,four,four,NUM,1,1
229,head,head,NOUN,1,1
230,far,far,ADV,1,1
231,black,black,ADJ,1,1
232,long,long,ADJ,1,1
233,both,both,DET,1,1
234,little,little,ADJ,1,1
235,house,house,NOUN,1,1
236,yes,yes,INTJ,1,1
237,since,since,ADP,1,1
238,provide,provide,VERB,1,1
239,service,service,NOUN,1,1
240,around,around,ADP,1,1
241,friend,friend,NOUN,1,1
242,important,important,ADJ,1,1
243,father,father,NOUN,1,1
244,sit,sit,VERB,1,1
245,away,away,ADV,1,1
246,until,until,ADP,1,1
247,power,power,NOUN,1,1
248,hour,hour,NOUN,1,1
249,game,game,NOUN,1,1
250,often,often,ADV,1,1
251,yet,yet,ADV,1,1
252,line,line,NOUN,1,1
253,political,political,ADJ,1,1
254,end,end,NOUN,1,1
255,among,among,ADP,1,1
256,ever,ever,ADV,1,1
257,stand,stand,VERB,1,1
258,bad,bad,ADJ,1,1
259,lose,lose,VERB,1,1
260,however,however,ADV,1,1
261,member,member,NOUN,1,1
262,pay,pay,VERB,1,1
263,law,law,NOUN,1,1
264,meet,meet,VERB,1,1
265,car,car,NOUN,1,1
266,city,city,NOUN,1,1
267,almost,almost,ADV,1,1
268,include,include,VERB,1,1
269,continue,continue,VERB,1,1
270,set,set,VERB,1,1
271,later,later,ADV,1,1
272,community,community,NOUN,1,1
273,name,name,NOUN,1,1
274,five,five,NUM,1,1
275,once,once,ADV,1,1
276,white,white,ADJ,1,1
277,least,least,ADV,1,1
278,president,president,NOUN,1,1
279,learn,learn,VERB,1,1
280,real,real,ADJ,1,1
281,change,change,NOUN,1,1
282,team,team,NOUN,1,1
283,minute,minute,NOUN,1,1
284,best,best,ADJ,1,1
285,several,several,DET,1,1
286,idea,idea,NOUN,1,1
287,kid,kid,NOUN,1,1
288,body,body,NOUN,1,1
289,information,information,NOUN,1,1
290,nothing,nothing,PRON,1,1
291,ago,ago,ADV,1,1
292,lead,lead,VERB,1,1
293,social,social,ADJ,1,1
294,understand,understand,VERB,1,1
295,whether,whether,SCONJ,1,1
296,watch,watch,VERB,1,1
297,together,together,ADV,1,1
298,follow,follow,VERB,1,1
299,parent,parent,NOUN,1,1
300,stop,stop,VERB,1,1
301,face,face,NOUN,1,1
302,anything,anything,PRON,1,1
303,create,create,VERB,1,1
304,public,public,ADJ,1,1
305,already,already,ADV,1,1
306,speak,speak,VERB,1,1
307,others,others,NOUN,1,1
308,read,read,VERB,1,1
309,level,level,NOUN,1,1
310,allow,allow,VERB,1,1
311,add,add,VERB,1,1
312,office,office,NOUN,1,1
313,spend,spend,VERB,1,1
314,door,door,NOUN,1,1
315,health,health,NOUN,1,1
316,person,person,NOUN,1,1
317,art,art,NOUN,1,1
318,sure,sure,ADJ,1,1
319,war,war,NOUN,1,1
320,history,history,NOUN,1,1
321,party,party,NOUN,1,1
322,within,within,ADP,1,1
323,grow,grow,VERB,1,1
324,result,result,NOUN,1,1
325,open,open,VERB,1,1
326,morning,morning,NOUN,1,1
327,walk,walk,VERB,1,1
328,reason,reason,NOUN,1,1
329,low,low,ADJ,1,1
330,win,win,VERB,1,1
331,research,research,NOUN,1,1
332,girl,girl,NOUN,1,1
333,guy,guy,NOUN,1,1
334,early,early,ADJ,1,1
335,food,food,NOUN,1,1
336,moment,moment,NOUN,1,1
337,himself,himself,PRON,1,1
338,air,air,NOUN,1,1
339,teacher,teacher,NOUN,1,1
340,force,force,NOUN,1,1
341,offer,offer,VERB,1,1
342,enough,enough,ADV,1,1
343,education,education,NOUN,1,1
344,across,across,ADP,1,1
345,although,although,SCONJ,1,1
346,remember,remember,VERB,1,1
347,foot,foot,NOUN,1,1
348,second,second,ADJ,1,1
349,boy,boy,NOUN,1,1
350,maybe,maybe,ADV,1,1
351,toward,toward,ADP,1,1
352,able,able,ADJ,1,1
353,age,age,NOUN,1,1
354,policy,policy,NOUN,1,1
355,everything,everything,PRON,1,1
356,love,love,NOUN,1,1
357,process,process,NOUN,1,1
358,music,music,NOUN,1,1
359,including,including,ADP,1,1
360,consider,consider,VERB,1,1
361,appear,appear,VERB,1,1
362,actually,actually,ADV,1,1
363,buy,buy,VERB,1,1
364,probably,probably,ADV,1,1
365,human,human,ADJ,1,1
366,wait,wait,VERB,1,1
367,serve,serve,VERB,1,1
368,market,market,NOUN,1,1
369,die,die,VERB,1,1
370,send,send,VERB,1,1
371,expect,expect,VERB,1,1
372,sense,sense,NOUN,1,1
373,build,build,VERB,1,1
374,stay,stay,VERB,1,1
375,fall,fall,VERB,1,1
376,oh,oh,INTJ,1,1
377,nation,nation,NOUN,1,1
378,plan,plan,NOUN,1,1
379,cut,cut,VERB,1,1
380,college,college,NOUN,1,1
381,interest,interest,NOUN,1,1
382,death,death,NOUN,1,1
383,course,course,NOUN,1,1
384,someone,someone,PRON,1,1
385,experience,experience,NOUN,1,1
386,behind,behind,ADP,1,1
387,reach,reach,VERB,1,1
388,local,local,ADJ,1,1
389,kill,kill,VERB,1,1
390,six,six,NUM,1,1
391,remain,remain,VERB,1,1
392,effect,effect,NOUN,1,1
393,yeah,yeah,INTJ,1,1
394,suggest,suggest,VERB,1,1
395,class,class,NOUN,1,1
396,control,control,NOUN,1,1
397,raise,raise,VERB,1,1
398,care,care,NOUN,1,1
399,perhaps,perhaps,ADV,1,1
400,late,late,ADJ,1,1
401,hard,hard,ADJ,1,1
402,field,field,NOUN,1,1
403,else,else,ADV,1,1
404,pass,pass,VERB,1,1
405,former,former,ADJ,1,1
406,sell,sell,VERB,1,1
407,major,major,ADJ,1,1
408,sometimes,sometimes,ADV,1,1
409,require,require,VERB,1,1
410,along,along,ADP,1,1
411,development,development,NOUN,1,1
412,themselves,themselves,PRON,1,1
413,report,report,NOUN,1,1
414,role,role,NOUN,1,1
415,better,better,ADJ,1,1
416,economic,economic,ADJ,1,1
417,effort,effort,NOUN,1,1
418,decide,decide,VERB,1,1
419,rate,rate,NOUN,1,1
420,strong,strong,ADJ,1,1
421,possible,possible,ADJ,1,1
422,heart,heart,NOUN,1,1
423,drug,drug,NOUN,1,1
424,leader,leader,NOUN,1,1
425,light,light,NOUN,1,1
426,voice,voice,NOUN,1,1
427,wife,wife,NOUN,1,1
428,whole,whole,ADJ,1,1
429,police,police,NOUN,1,1
430,mind,mind,NOUN,1,1
431,finally,finally,ADV,1,1
432,pull,pull,VERB,1,1
433,return,return,VERB,1,1
434,free,free,ADJ,1,1
435,military,military,ADJ,1,1
436,price,price,NOUN,1,1
437,less,less,ADV,1,1
438,according,according,ADP,1,1
439,decision,decision,NOUN,1,1
440,explain,explain,VERB,1,1
441,son,son,NOUN,1,1
442,hope,hope,VERB,1,1
443,develop,develop,VERB,1,1
444,view,view,NOUN,1,1
445,relationship,relationship,NOUN,1,1
446,carry,carry,VERB,1,1
447,town,town,NOUN,1,1
448,road,road,NOUN,1,1
449,drive,drive,VERB,1,1
450,arm,arm,NOUN,1,1
451,true,true,ADJ,1,1
452,federal,federal,ADJ,1,1
453,break,break,VERB,1,1
454,difference,difference,NOUN,1,1
455,thank,thank,VERB,1,1
456,receive,receive,VERB,1,1
457,value,value,NOUN,1,1
458,international,international,ADJ,1,1
459,building,building,NOUN,1,1
460,action,action,NOUN,1,1
461,full,full,ADJ,1,1
462,model,model,NOUN,1,1
463,season,season,NOUN,1,1
464,society,society,NOUN,1,1
465,tax,tax,NOUN,1,1
466,director,director,NOUN,1,1
467,position,position,NOUN,1,1
468,player,player,NOUN,1,1
469,agree,agree,VERB,1,1
470,especially,especially,ADV,1,1
471,record,record,NOUN,1,1
472,pick,pick,VERB,1,1
473,wear,wear,VERB,1,1
474,paper,paper,NOUN,1,1
475,special,special,ADJ,1,1
476,space,space,NOUN,1,1
477,ground,ground,NOUN,1,1
478,form,form,NOUN,1,1
479,support,support,VERB,1,1
480,event,event,NOUN,1,1
481,official,official,ADJ,1,1
482,whose,whose,DET,1,1
483,matter,matter,NOUN,1,1
484,direction,direction,NOUN,1,1
485,respond,respond,VERB,1,1
486,loss,loss,NOUN,1,1
487,focus,focus,VERB,1,1
488,blood,blood,NOUN,1,1
489,fight,fight,VERB,1,1
490,recognize,recognize,VERB,1,1
491,economy,economy,NOUN,1,1
492,opportunity,opportunity,NOUN,1,1
493,century,century,NOUN,1,1
494,likely,likely,ADJ,1,1
495,court,court,NOUN,1,1
496,produce,produce,VERB,1,1
497,eat,eat,VERB,1,1
498,teach,teach,VERB,1,1
499,oil,oil,NOUN,1,1
500,half,half,NOUN,1,1
501,situation,situation,NOUN,1,1
502,easy,easy,ADJ,1,1
503,cost,cost,NOUN,1,1
504,industry,industry,NOUN,1,1
505,figure,figure,NOUN,1,1
506,street,street,NOUN,1,1
507,image,image,NOUN,1,1
508,itself,itself,PRON,1,1
509,phone,phone,NOUN,1,1
510,either,either,DET,1,1
511,data,data,NOUN,1,1
512,cover,cover,VERB,1,1
513,quite,quite,ADV,1,1
514,picture,picture,NOUN,1,1
515,clear,clear,ADJ,1,1
516,practice,practice,NOUN,1,1
517,piece,piece,NOUN,1,1
518,land,land,NOUN,1,1
519,recent,recent,ADJ,1,1
520,describe,describe,VERB,1,1
521,product,product,NOUN,1,1
522,doctor,doctor,NOUN,1,1
523,wall,wall,NOUN,1,1
524,patient,patient,NOUN,1,1
525,worker,worker,NOUN,1,1
526,news,news,NOUN,1,1
527,test,test,NOUN,1,1
528,movie,movie,NOUN,1,1
529,certain,certain,ADJ,1,1
530,north,north,NOUN,1,1
531,personal,personal,ADJ,1,1
532,simply,simply,ADV,1,1
533,third,third,ADJ,1,1
534,technology,technology,NOUN,1,1
535,catch,catch,VERB,1,1
536,step,step,NOUN,1,1
537,baby,baby,NOUN,1,1
538,computer,computer,NOUN,1,1
539,type,type,NOUN,1,1
540,attention,attention,NOUN,1,1
541,draw,draw,VERB,1,1
542,film,film,NOUN,1,1
543,Republican,republican,NOUN,1,1
544,tree,tree,NOUN,1,1
545,source,source,NOUN,1,1
546,red,red,ADJ,1,1
547,nearly,nearly,ADV,1,1
548,organization,organization,NOUN,1,1
549,choose,choose,VERB,1,1
550,cause,cause,NOUN,1,1
551,hair,hair,NOUN,1,1
552,evidence,evidence,NOUN,1,1
553,window,window,NOUN,1,1
554,difficult,difficult,ADJ,1,1
555,listen,listen,VERB,1,1
556,soon,soon,ADV,1,1
557,culture,culture,NOUN,1,1
558,billion,billion,NUM,1,1
559,chance,chance,NOUN,1,1
560,brother,brother,NOUN,1,1
561,energy,energy,NOUN,1,1
562,period,period,NOUN,1,1
563,summer,summer,NOUN,1,1
564,realize,realize,VERB,1,1
565,hundred,hundred,NUM,1,1
566,available,available,ADJ,1,1
567,plant,plant,NOUN,1,1
568,indeed,indeed,ADV,1,1
569,west,west,NOUN,1,1
570,lie,lie,VERB,1,1
571,sort,sort,NOUN,1,1
572,financial,financial,ADJ,1,1
573,future,future,NOUN,1,1
574,wrong,wrong,ADJ,1,1
575,involve,involve,VERB,1,1
576,anyone,anyone,PRON,1,1
577,treatment,treatment,NOUN,1,1
578,table,table,NOUN,1,1
579,structure,structure,NOUN,1,1
580,race,race,NOUN,1,1
581,south,south,NOUN,1,1
582,amount,amount,NOUN,1,1
583,rule,rule,NOUN,1,1
584,herself,herself,PRON,1,1
585,gun,gun,NOUN,1,1
586,behavior,behavior,NOUN,1,1
587,deal,deal,NOUN,1,1
588,performance,performance,NOUN,1,1
589,increase,increase,VERB,1,1
590,administration,administration,NOUN,1,1
591,bank,bank,NOUN,1,1
592,activity,activity,NOUN,1,1
593,press,press,NOUN,1,1
594,single,single,ADJ,1,1
595,condition,condition,NOUN,1,1
596,accept,accept,VERB,1,1
597,mouth,mouth,NOUN,1,1
598,section,section,NOUN,1,1
599,strategy,strategy,NOUN,1,1
600,exactly,exactly,ADV,1,1
601,protect,protect,VERB,1,1
602,project,project,NOUN,1,1
603,sign,sign,NOUN,1,1
604,wish,wish,VERB,1,1
605,seven,seven,NUM,1,1
606,claim,claim,VERB,1,1
607,reveal,reveal,VERB,1,1
608,dark,dark,ADJ,1,1
609,manager,manager,NOUN,1,1
610,solid,solid,ADJ,1,1
611,determine,determine,VERB,1,1
612,sound,sound,NOUN,1,1
613,enter,enter,VERB,1,1
614,share,share,VERB,1,1
615,common,common,ADJ,1,1
616,poor,poor,ADJ,1,1
617,natural,natural,ADJ,1,1
618,fast,fast,ADJ,1,1
619,significant,significant,ADJ,1,1
620,letter,letter,NOUN,1,1
621,myself,myself,PRON,1,1
622,defense,defense,NOUN,1,1
623,entire,entire,ADJ,1,1
624,design,design,NOUN,1,1
625,style,style,NOUN,1,1
626,pain,pain,NOUN,1,1
627,prove,prove,VERB,1,1
628,target,target,NOUN,1,1
629,charge,charge,NOUN,1,1
630,throw,throw,VERB,1,1
631,rest,rest,NOUN,1,1
632,fly,fly,VERB,1,1
633,benefit,benefit,NOUN,1,1
634,campaign,campaign,NOUN,1,1
635,agency,agency,NOUN,1,1
636,fear,fear,NOUN,1,1
637,save,save,VERB,1,1
638,modern,modern,ADJ,1,1
639,discussion,discussion,NOUN,1,1
640,environment,environment,NOUN,1,1
641,glass,glass,NOUN,1,1
642,answer,answer,NOUN,1,1
643,central,central,ADJ,1,1
644,successful,successful,ADJ,1,1
645,discover,discover,VERB,1,1
646,green,green,ADJ,1,1
647,commercial,commercial,ADJ,1,1
648,mission,mission,NOUN,1,1
649,forward,forward,ADV,1,1
650,score,score,NOUN,1,1
651,crime,crime,NOUN,1,1
652,born,born,VERB,1,1
653,stock,stock,NOUN,1,1
654,hit,hit,VERB,1,1
655,bill,bill,NOUN,1,1
656,legal,legal,ADJ,1,1
657,attorney,attorney,NOUN,1,1
658,employee,employee,NOUN,1,1
659,trade,trade,NOUN,1,1
660,series,series,NOUN,1,1
661,statement,statement,NOUN,1,1
662,clearly,clearly,ADV,1,1
663,rock,rock,NOUN,1,1
664,similar,similar,ADJ,1,1
665,security,security,NOUN,1,1
666,prevent,prevent,VERB,1,1
667,compare,compare,VERB,1,1
668,happy,happy,ADJ,1,1
669,skill,skill,NOUN,1,1
670,civil,civil,ADJ,1,1
671,movement,movement,NOUN,1,1
672,knowledge,knowledge,NOUN,1,1
673,material,material,NOUN,1,1
674,private,private,ADJ,1,1
675,hot,hot,ADJ,1,1
676,language,language,NOUN,1,1
677,inside,inside,ADP,1,1
678,represent,represent,VERB,1,1
679,citizen,citizen,NOUN,1,1
680,animal,animal,NOUN,1,1
681,training,training,NOUN,1,1
682,key,key,NOUN,1,1
683,standard,standard,NOUN,1,1
684,weight,weight,NOUN,1,1
685,individual,individual,NOUN,1,1
686,current,current,ADJ,1,1
687,guess,guess,VERB,1,1
688,list,list,NOUN,1,1
689,page,page,NOUN,1,1
690,attack,attack,NOUN,1,1
691,subject,subject,NOUN,1,1
692,drop,drop,VERB,1,1
693,approach,approach,NOUN,1,1
694,reality,reality,NOUN,1,1
695,establish,establish,VERB,1,1
696,note,note,NOUN,1,1
697,quickly,quickly,ADV,1,1
698,assume,assume,VERB,1,1
699,popular,popular,ADJ,1,1
700,enjoy,enjoy,VERB,1,1
701,production,production,NOUN,1,1
702,front,front,NOUN,1,1
703,eight,eight,NUM,1,1
704,seek,seek,VERB,1,1
705,fire,fire,NOUN,1,1
706,religious,religious,ADJ,1,1
707,network,network,NOUN,1,1
708,factor,factor,NOUN,1,1
709,daughter,daughter,NOUN,1,1
710,hospital,hospital,NOUN,1,1
711,sex,sex,NOUN,1,1
712,wonder,wonder,VERB,1,1
713,trial,trial,NOUN,1,1
714,collection,collection,NOUN,1,1
715,park,park,NOUN,1,1
716,fish,fish,NOUN,1,1
717,bag,bag,NOUN,1,1
718,base,base,NOUN,1,1
719,outside,outside,ADP,1,1
720,travel,travel,VERB,1,1
721,foreign,foreign,ADJ,1,1
722,election,election,NOUN,1,1
723,choice,choice,NOUN,1,1
724,memory,memory,NOUN,1,1
725,present,present,ADJ,1,1
726,push,push,VERB,1,1
727,article,article,NOUN,1,1
728,star,star,NOUN,1,1
729,wide,wide,ADJ,1,1
730,spring,spring,NOUN,1,1
731,trip,trip,NOUN,1,1
732,forget,forget,VERB,1,1
733,church,church,NOUN,1,1
734,basic,basic,ADJ,1,1
735,safe,safe,ADJ,1,1
736,above,above,ADP,1,1
737,finish,finish,VERB,1,1
738,response,response,NOUN,1,1
739,variety,variety,NOUN,1,1
740,occur,occur,VERB,1,1
741,manage,manage,VERB,1,1
742,scene,scene,NOUN,1,1
743,exist,exist,VERB,1,1
744,store,store,NOUN,1,1
745,title,title,NOUN,1,1
746,beautiful,beautiful,ADJ,1,1
747,apply,apply,VERB,1,1
748,prepare,prepare,VERB,1,1
749,debate,debate,NOUN,1,1
750,immediately,immediately,ADV,1,1
751,audience,audience,NOUN,1,1
752,ahead,ahead,ADV,1,1
753,touch,touch,VERB,1,1
754,western,western,ADJ,1,1
755,avoid,avoid,VERB,1,1
756,threat,threat,NOUN,1,1
757,address,address,NOUN,1,1
758,ready,ready,ADJ,1,1
759,cell,cell,NOUN,1,1
760,concern,concern,NOUN,1,1
761,shoulder,shoulder,NOUN,1,1
762,fund,fund,NOUN,1,1
763,generation,generation,NOUN,1,1
764,identify,identify,VERB,1,1
765,improve,improve,VERB,1,1
766,blue,blue,ADJ,1,1
767,dead,dead,ADJ,1,1
768,rise,rise,VERB,1,1
769,candidate,candidate,NOUN,1,1
770,artist,artist,NOUN,1,1
771,miss,miss,VERB,1,1
772,machine,machine,NOUN,1,1
773,recently,recently,ADV,1,1
774,hotel,hotel,NOUN,1,1
775,unit,unit,NOUN,1,1
776,executive,executive,NOUN,1,1
777,dream,dream,NOUN,1,1
778,fill,fill,VERB,1,1
779,quality,quality,NOUN,1,1
780,card,card,NOUN,1,1
781,serious,serious,ADJ,1,1
782,sing,sing,VERB,1,1
783,bed,bed,NOUN,1,1
784,couple,couple,NOUN,1,1
785,admit,admit,VERB,1,1
786,argument,argument,NOUN,1,1
787,seat,seat,NOUN,1,1
788,generally,generally,ADV,1,1
789,beat,beat,VERB,1,1
790,victim,victim,NOUN,1,1
791,smile,smile,VERB,1,1
792,trouble,trouble,NOUN,1,1
793,nor,nor,CCONJ,1,1
794,whatever,whatever,PRON,1,1
795,magazine,magazine,NOUN,1,1
796,rich,rich,ADJ,1,1
797,track,track,NOUN,1,1
798,general,general,ADJ,1,1
799,cook,cook,VERB,1,1
800,television,television,NOUN,1,1
801,physical,physical,ADJ,1,1
802,kitchen,kitchen,NOUN,1,1
803,growth,growth,NOUN,1,1
804,hang,hang,VERB,1,1
805,disease,disease,NOUN,1,1
806,character,character,NOUN,1,1
807,radio,radio,NOUN,1,1
808,deep,deep,ADJ,1,1
809,surface,surface,NOUN,1,1
810,account,account,NOUN,1,1
811,measure,measure,NOUN,1,1
812,positive,positive,ADJ,1,1
813,leg,leg,NOUN,1,1
814,term,term,NOUN,1,1
815,site,site,NOUN,1,1
816,degree,degree,NOUN,1,1
817,river,river,NOUN,1,1
818,challenge,challenge,NOUN,1,1
819,solution,solution,NOUN,1,1
820,democratic,democratic,ADJ,1,1
821,professional,professional,ADJ,1,1
822,professor,professor,NOUN,1,1
823,access,access,NOUN,1,1
824,operation,operation,NOUN,1,1
825,reduce,reduce,VERB,1,1
826,detail,detail,NOUN,1,1
827,lake,lake,NOUN,1,1
828,visit,visit,VERB,1,1
829,ball,ball,NOUN,1,1
830,region,region,NOUN,1,1
831,reporter,reporter,NOUN,1,1
832,officer,officer,NOUN,1,1
833,vote,vote,NOUN,1,1
834,release,release,VERB,1,1
835,authority,authority,NOUN,1,1
836,nine,nine,NUM,1,1
837,staff,staff,NOUN,1,1
838,suddenly,suddenly,ADV,1,1
839,floor,floor,NOUN,1,1
840,remove,remove,VERB,1,1
841,dinner,dinner,NOUN,1,1
842,size,size,NOUN,1,1
843,expression,expression,NOUN,1,1
844,feature,feature,NOUN,1,1
845,shot,shot,NOUN,1,1
846,conference,conference,NOUN,1,1
847,success,success,NOUN,1,1
848,range,range,NOUN,1,1
849,corner,corner,NOUN,1,1
850,truth,truth,NOUN,1,1
851,goal,goal,NOUN,1,1
852,sport,sport,NOUN,1,1
853,stage,stage,NOUN,1,1
854,connection,connection,NOUN,1,1
855,freedom,freedom,NOUN,1,1
856,ten,ten,NUM,1,1
857,property,property,NOUN,1,1
858,theory,theory,NOUN,1,1
859,resource,resource,NOUN,1,1
860,interview,interview,NOUN,1,1
861,instead,instead,ADV,1,1
862,check,check,VERB,1,1
863,contain,contain,VERB,1,1
864,writer,writer,NOUN,1,1
865,middle,middle,NOUN,1,1
866,impact,impact,NOUN,1,1
867,institution,institution,NOUN,1,1
868,capital,capital,NOUN,1,1
869,yard,yard,NOUN,1,1
870,investment,investment,NOUN,1,1
871,text,text,NOUN,1,1
872,demand,demand,NOUN,1,1
873,born,born,ADJ,1,1
874,trouble,trouble,NOUN,1,1
875,purpose,purpose,NOUN,1,1
876,exist,exist,VERB,1,1
877,crowd,crowd,NOUN,1,1
878,realize,realize,VERB,1,1
879,quickly,quickly,ADV,1,1
880,image,image,NOUN,1,1
881,throughout,throughout,ADP,1,1
882,author,author,NOUN,1,1
883,contract,contract,NOUN,1,1
884,traditional,traditional,ADJ,1,1
885,method,method,NOUN,1,1
886,cultural,cultural,ADJ,1,1
887,technique,technique,NOUN,1,1
888,supply,supply,NOUN,1,1
889,obviously,obviously,ADV,1,1
890,border,border,NOUN,1,1
891,separate,separate,ADJ,1,1
892,decade,decade,NOUN,1,1
893,speed,speed,NOUN,1,1
894,regular,regular,ADJ,1,1
895,reform,reform,NOUN,1,1
896,consumer,consumer,NOUN,1,1
897,credit,credit,NOUN,1,1
898,critical,critical,ADJ,1,1
899,income,income,NOUN,1,1
900,potential,potential,ADJ,1,1
901,marriage,marriage,NOUN,1,1
902,impossible,impossible,ADJ,1,1
903,failure,failure,NOUN,1,1
904,brain,brain,NOUN,1,1
905,user,user,NOUN,1,1
906,achieve,achieve,VERB,1,1
907,attitude,attitude,NOUN,1,1
908,spread,spread,VERB,1,1
909,global,global,ADJ,1,1
910,nuclear,nuclear,ADJ,1,1
911,island,island,NOUN,1,1
912,flight,flight,NOUN,1,1
913,danger,danger,NOUN,1,1
914,specifically,specifically,ADV,1,1
915,mass,mass,NOUN,1,1
916,maintain,maintain,VERB,1,1
917,relatively,relatively,ADV,1,1
918,express,express,VERB,1,1
919,native,native,ADJ,1,1
920,majority,majority,NOUN,1,1
921,crowd,crowd,NOUN,1,1
922,driver,driver,NOUN,1,1
923,violence,violence,NOUN,1,1
924,feature,feature,VERB,1,1
925,agency,agency,NOUN,1,1
926,ancient,ancient,ADJ,1,1
927,primary,primary,ADJ,1,1
928,limit,limit,NOUN,1,1
929,refuse,refuse,VERB,1,1
930,principle,principle,NOUN,1,1
931,option,option,NOUN,1,1
932,responsibility,responsibility,NOUN,1,1
933,scientific,scientific,ADJ,1,1
934,original,original,ADJ,1,1
935,associate,associate,VERB,1,1
936,perspective,perspective,NOUN,1,1
937,average,average,ADJ,1,1
938,observe,observe,VERB,1,1
939,obtain,obtain,VERB,1,1
940,complex,complex,ADJ,1,1
941,aid,aid,NOUN,1,1
942,reform,reform,VERB,1,1
943,crisis,crisis,NOUN,1,1
944,emergency,emergency,NOUN,1,1
945,plastic,plastic,NOUN,1,1
946,grant,grant,VERB,1,1
947,version,version,NOUN,1,1
948,replace,replace,VERB,1,1
949,element,element,NOUN,1,1
950,direct,direct,ADJ,1,1
951,estimate,estimate,VERB,1,1
952,somewhat,somewhat,ADV,1,1
953,annual,annual,ADJ,1,1
954,mental,mental,ADJ,1,1
955,engage,engage,VERB,1,1
956,contrast,contrast,NOUN,1,1
957,appeal,appeal,NOUN,1,1
958,combine,combine,VERB,1,1
959,shift,shift,NOUN,1,1
960,link,link,NOUN,1,1
961,display,display,VERB,1,1
962,approval,approval,NOUN,1,1
963,struggle,struggle,VERB,1,1
964,relatively,relatively,ADV,1,1
965,distinguish,distinguish,VERB,1,1
966,survive,survive,VERB,1,1
967,conflict,conflict,NOUN,1,1
968,resolution,resolution,NOUN,1,1
969,typical,typical,ADJ,1,1
970,conclusion,conclusion,NOUN,1,1
971,participate,participate,VERB,1,1
972,profit,profit,NOUN,1,1
973,initial,initial,ADJ,1,1
974,overall,overall,ADJ,1,1
975,acquire,acquire,VERB,1,1
976,prior,prior,ADJ,1,1
977,instance,instance,NOUN,1,1
978,ensure,ensure,VERB,1,1
979,perception,perception,NOUN,1,1
980,consist,consist,VERB,1,1
981,confirm,confirm,VERB,1,1
982,conclude,conclude,VERB,1,1
983,corporate,corporate,ADJ,1,1
984,convert,convert,VERB,1,1
985,contribute,contribute,VERB,1,1
986,possess,possess,VERB,1,1
987,interpret,interpret,VERB,1,1
988,promote,promote,VERB,1,1
989,guarantee,guarantee,VERB,1,1
990,ignore,ignore,VERB,1,1
991,emerge,emerge,VERB,1,1
992,indicate,indicate,VERB,1,1
993,ethnic,ethnic,ADJ,1,1
994,generate,generate,VERB,1,1
995,acknowledge,acknowledge,VERB,1,1
996,assess,assess,VERB,1,1
997,launch,launch,VERB,1,1
998,emphasize,emphasize,VERB,1,1
999,concentrate,concentrate,VERB,1,1
1000,investigate,investigate,VERB,1,1
1001,vehicle,vehicle,NOUN,1,2
1002,neighbor,neighbor,NOUN,1,2
1003,sample,sample,NOUN,1,2
1004,threat,threat,NOUN,1,2
1005,accompany,accompany,VERB,1,2
1006,aspect,aspect,NOUN,1,2
1007,demonstrate,demonstrate,VERB,1,2
1008,expense,expense,NOUN,1,2
1009,intellectual,intellectual,ADJ,1,2
1010,whereas,whereas,SCONJ,1,2
1011,expand,expand,VERB,1,2
1012,approval,approval,NOUN,1,2
1013,convince,convince,VERB,1,2
1014,foundation,foundation,NOUN,1,2
1015,framework,framework,NOUN,1,2
1016,notion,notion,NOUN,1,2
1017,negotiate,negotiate,VERB,1,2
1018,fundamental,fundamental,ADJ,1,2
1019,revolution,revolution,NOUN,1,2
1020,consequence,consequence,NOUN,1,2
1021,restrict,restrict,VERB,1,2
1022,enable,enable,VERB,1,2
1023,exception,exception,NOUN,1,2
1024,derive,derive,VERB,1,2
1025,outcome,outcome,NOUN,1,2
1026,phenomenon,phenomenon,NOUN,1,2
1027,ultimately,ultimately,ADV,1,2
1028,strategic,strategic,ADJ,1,2
1029,exposure,exposure,NOUN,1,2
1030,apparent,apparent,ADJ,1,2
1031,dominate,dominate,VERB,1,2
1032,secure,secure,ADJ,1,2
1033,commit,commit,VERB,1,2
1034,subsequent,subsequent,ADJ,1,2
1035,innovation,innovation,NOUN,1,2
1036,convince,convince,VERB,1,2
1037,accurate,accurate,ADJ,1,2
1038,layer,layer,NOUN,1,2
1039,preserve,preserve,VERB,1,2
1040,interaction,interaction,NOUN,1,2
1041,diversity,diversity,NOUN,1,2
1042,proportion,proportion,NOUN,1,2
1043,pursue,pursue,VERB,1,2
1044,alter,alter,VERB,1,2
1045,comprehensive,comprehensive,ADJ,1,2
1046,component,component,NOUN,1,2
1047,dimension,dimension,NOUN,1,2
1048,temporary,temporary,ADJ,1,2
1049,retain,retain,VERB,1,2
1050,sustain,sustain,VERB,1,2
1051,legislation,legislation,NOUN,1,2
1052,precise,precise,ADJ,1,2
1053,evolve,evolve,VERB,1,2
1054,regime,regime,NOUN,1,2
1055,considerable,considerable,ADJ,1,2
1056,minimum,minimum,NOUN,1,2
1057,maximum,maximum,NOUN,1,2
1058,colleague,colleague,NOUN,1,2
1059,intense,intense,ADJ,1,2
1060,likewise,likewise,ADV,1,2
1061,exploit,exploit,VERB,1,2
1062,attribute,attribute,NOUN,1,2
1063,eliminate,eliminate,VERB,1,2
1064,prospect,prospect,NOUN,1,2
1065,integrate,integrate,VERB,1,2
1066,implement,implement,VERB,1,2
1067,rational,rational,ADJ,1,2
1068,reverse,reverse,VERB,1,2
1069,insight,insight,NOUN,1,2
1070,reject,reject,VERB,1,2
1071,justify,justify,VERB,1,2
1072,constitute,constitute,VERB,1,2
1073,arbitrary,arbitrary,ADJ,1,2
1074,advocate,advocate,VERB,1,2
1075,liberal,liberal,ADJ,1,2
1076,transform,transform,VERB,1,2
1077,hypothesis,hypothesis,NOUN,1,2
1078,bias,bias,NOUN,1,2
1079,rigid,rigid,ADJ,1,2
1080,priority,priority,NOUN,1,2
1081,exclude,exclude,VERB,1,2
1082,anticipate,anticipate,VERB,1,2
1083,reinforce,reinforce,VERB,1,2
1084,coincide,coincide,VERB,1,2
1085,submit,submit,VERB,1,2
1086,controversy,controversy,NOUN,1,2
1087,inevitable,inevitable,ADJ,1,2
1088,criterion,criterion,NOUN,1,2
1089,draft,draft,NOUN,1,2
1090,assign,assign,VERB,1,2
1091,abandon,abandon,VERB,1,2
1092,abstract,abstract,ADJ,1,2
1093,prominent,prominent,ADJ,1,2
1094,exploit,exploit,NOUN,1,2
1095,substantial,substantial,ADJ,1,2
1096,neutral,neutral,ADJ,1,2
1097,solely,solely,ADV,1,2
1098,explicit,explicit,ADJ,1,2
1099,supplement,supplement,NOUN,1,2
1100,radical,radical,ADJ,1,2
1101,undermine,undermine,VERB,1,2
1102,ambiguous,ambiguous,ADJ,1,2
1103,compensate,compensate,VERB,1,2
1104,constraint,constraint,NOUN,1,2
1105,diminish,diminish,VERB,1,2
1106,exhibit,exhibit,VERB,1,2
1107,inherent,inherent,ADJ,1,2
1108,implicit,implicit,ADJ,1,2
1109,intervene,intervene,VERB,1,2
1110,coincidence,coincidence,NOUN,1,2
1111,conceive,conceive,VERB,1,2
1112,commence,commence,VERB,1,2
1113,compile,compile,VERB,1,2
1114,comprise,comprise,VERB,1,2
1115,contradict,contradict,VERB,1,2
1116,devote,devote,VERB,1,2
1117,displace,displace,VERB,1,2
1118,distort,distort,VERB,1,2
1119,embed,embed,VERB,1,2
1120,erode,erode,VERB,1,2
1121,finite,finite,ADJ,1,2
1122,fluctuate,fluctuate,VERB,1,2
1123,hierarchy,hierarchy,NOUN,1,2
1124,ideology,ideology,NOUN,1,2
1125,induce,induce,VERB,1,2
1126,inhibit,inhibit,VERB,1,2
1127,invoke,invoke,VERB,1,2
1128,isolate,isolate,VERB,1,2
1129,levy,levy,NOUN,1,2
1130,mutual,mutual,ADJ,1,2
1131,norm,norm,NOUN,1,2
1132,paradigm,paradigm,NOUN,1,2
1133,paragraph,paragraph,NOUN,1,2
1134,persistent,persistent,ADJ,1,2
1135,pose,pose,VERB,1,2
1136,precede,precede,VERB,1,2
1137,preliminary,preliminary,ADJ,1,2
1138,presume,presume,VERB,1,2
1139,probe,probe,VERB,1,2
1140,profound,profound,ADJ,1,2
1141,propagate,propagate,VERB,1,2
1142,protocol,protocol,NOUN,1,2
1143,restrain,restrain,VERB,1,2
1144,retrieve,retrieve,VERB,1,2
1145,simulate,simulate,VERB,1,2
1146,sphere,sphere,NOUN,1,2
1147,subordinate,subordinate,ADJ,1,2
1148,suspend,suspend,VERB,1,2
1149,terminate,terminate,VERB,1,2
1150,unify,unify,VERB,1,2
1151,valid,valid,ADJ,1,2
1152,accumulate,accumulate,VERB,1,2
1153,adjacent,adjacent,ADJ,1,2
1154,allocate,allocate,VERB,1,2
1155,analogy,analogy,NOUN,1,2
1156,append,append,VERB,1,2
1157,approximate,approximate,ADJ,1,2
1158,bulk,bulk,NOUN,1,2
1159,capture,capture,VERB,1,2
1160,cease,cease,VERB,1,2
1161,clarify,clarify,VERB,1,2
1162,coincide,coincide,VERB,1,2
1163,collapse,collapse,VERB,1,2
1164,commodity,commodity,NOUN,1,2
1165,complement,complement,VERB,1,2
1166,comply,comply,VERB,1,2
1167,conform,conform,VERB,1,2
1168,consent,consent,NOUN,1,2
1169,consolidate,consolidate,VERB,1,2
1170,constrain,constrain,VERB,1,2
1171,contemplate,contemplate,VERB,1,2
1172,contract,contract,VERB,1,2
1173,convene,convene,VERB,1,2
1174,converge,converge,VERB,1,2
1175,cooperative,cooperative,ADJ,1,2
1176,core,core,NOUN,1,2
1177,correspond,correspond,VERB,1,2
1178,crucial,crucial,ADJ,1,2
1179,currency,currency,NOUN,1,2
1180,denote,denote,VERB,1,2
1181,dense,dense,ADJ,1,2
1182,depict,depict,VERB,1,2
1183,detect,detect,VERB,1,2
1184,deviate,deviate,VERB,1,2
1185,discrete,discrete,ADJ,1,2
1186,dispose,dispose,VERB,1,2
1187,disrupt,disrupt,VERB,1,2
1188,domain,domain,NOUN,1,2
1189,draft,draft,VERB,1,2
1190,duration,duration,NOUN,1,2
1191,dynamic,dynamic,ADJ,1,2
1192,empirical,empirical,ADJ,1,2
1193,enforce,enforce,VERB,1,2
1194,enhance,enhance,VERB,1,2
1195,entity,entity,NOUN,1,2
1196,equip,equip,VERB,1,2
1197,equivalent,equivalent,ADJ,1,2
1198,ethical,ethical,ADJ,1,2
1199,exceed,exceed,VERB,1,2
1200,extract,extract,VERB,1,2
1201,facilitate,facilitate,VERB,1,2
1202,feasible,feasible,ADJ,1,2
1203,flexible,flexible,ADJ,1,2
1204,format,format,NOUN,1,2
1205,formula,formula,NOUN,1,2
1206,forthcoming,forthcoming,ADJ,1,2
1207,fraction,fraction,NOUN,1,2
1208,framework,framework,NOUN,1,2
1209,furthermore,furthermore,ADV,1,2
1210,genuine,genuine,ADJ,1,2
1211,globe,globe,NOUN,1,2
1212,grade,grade,NOUN,1,2
1213,guideline,guideline,NOUN,1,2
1214,hence,hence,ADV,1,2
1215,horizontal,horizontal,ADJ,1,2
1216,identical,identical,ADJ,1,2
1217,ideology,ideology,NOUN,1,2
1218,implicit,implicit,ADJ,1,2
1219,impose,impose,VERB,1,2
1220,incentive,incentive,NOUN,1,2
1221,incidence,incidence,NOUN,1,2
1222,incline,incline,VERB,1,2
1223,incorporate,incorporate,VERB,1,2
1224,index,index,NOUN,1,2
1225,infrastructure,infrastructure,NOUN,1,2
1226,inherent,inherent,ADJ,1,2
1227,initiate,initiate,VERB,1,2
1228,input,input,NOUN,1,2
1229,insert,insert,VERB,1,2
1230,inspect,inspect,VERB,1,2
1231,integral,integral,ADJ,1,2
1232,integrity,integrity,NOUN,1,2
1233,intermediate,intermediate,ADJ,1,2
1234,interval,interval,NOUN,1,2
1235,journal,journal,NOUN,1,2
1236,label,label,NOUN,1,2
1237,layer,layer,NOUN,1,2
1238,lecture,lecture,NOUN,1,2
1239,legitimate,legitimate,ADJ,1,2
1240,likewise,likewise,ADV,1,2
1241,logic,logic,NOUN,1,2
1242,magnitude,magnitude,NOUN,1,2
1243,manual,manual,ADJ,1,2
1244,margin,margin,NOUN,1,2
1245,mature,mature,ADJ,1,2
1246,mechanism,mechanism,NOUN,1,2
1247,medium,medium,NOUN,1,2
1248,migrate,migrate,VERB,1,2
1249,minimize,minimize,VERB,1,2
1250,ministry,ministry,NOUN,1,2
1251,minority,minority,NOUN,1,2
1252,mode,mode,NOUN,1,2
1253,modify,modify,VERB,1,2
1254,monitor,monitor,VERB,1,2
1255,mutual,mutual,ADJ,1,2
1256,nevertheless,nevertheless,ADV,1,2
1257,nonetheless,nonetheless,ADV,1,2
1258,notion,notion,NOUN,1,2
1259,notwithstanding,notwithstanding,ADP,1,2
1260,obtain,obtain,VERB,1,2
1261,obvious,obvious,ADJ,1,2
1262,occupy,occupy,VERB,1,2
1263,ongoing,ongoing,ADJ,1,2
1264,orient,orient,VERB,1,2
1265,output,output,NOUN,1,2
1266,overlap,overlap,VERB,1,2
1267,overseas,overseas,ADV,1,2
1268,panel,panel,NOUN,1,2
1269,parallel,parallel,ADJ,1,2
1270,parameter,parameter,NOUN,1,2
1271,passive,passive,ADJ,1,2
1272,persist,persist,VERB,1,2
1273,phase,phase,NOUN,1,2
1274,phenomenon,phenomenon,NOUN,1,2
1275,plus,plus,CONJ,1,2
1276,portion,portion,NOUN,1,2
1277,precede,precede,VERB,1,2
1278,precise,precise,ADJ,1,2
1279,predict,predict,VERB,1,2
1280,predominantly,predominantly,ADV,1,2
1281,premise,premise,NOUN,1,2
1282,prestige,prestige,NOUN,1,2
1283,previous,previous,ADJ,1,2
1284,prime,prime,ADJ,1,2
1285,principal,principal,ADJ,1,2
1286,procedure,procedure,NOUN,1,2
1287,proceed,proceed,VERB,1,2
1288,prohibit,prohibit,VERB,1,2
1289,project,project,VERB,1,2
1290,proportion,proportion,NOUN,1,2
1291,prospect,prospect,NOUN,1,2
1292,protocol,protocol,NOUN,1,2
1293,publish,publish,VERB,1,2
1294,pursue,pursue,VERB,1,2
1295,quote,quote,VERB,1,2
1296,range,range,VERB,1,2
1297,ratio,ratio,NOUN,1,2
1298,react,react,VERB,1,2
1299,refine,refine,VERB,1,2
1300,regime,regime,NOUN,1,2
1301,register,register,VERB,1,2
1302,regulate,regulate,VERB,1,2
1303,reinforce,reinforce,VERB,1,2
1304,reject,reject,VERB,1,2
1305,relax,relax,VERB,1,2
1306,release,release,NOUN,1,2
1307,relevant,relevant,ADJ,1,2
1308,relocate,relocate,VERB,1,2
1309,rely,rely,VERB,1,2
1310,remove,remove,VERB,1,2
1311,resolve,resolve,VERB,1,2
1312,restore,restore,VERB,1,2
1313,restrain,restrain,VERB,1,2
1314,resume,resume,VERB,1,2
1315,retain,retain,VERB,1,2
1316,reveal,reveal,VERB,1,2
1317,revenue,revenue,NOUN,1,2
1318,reverse,reverse,ADJ,1,2
1319,revise,revise,VERB,1,2
1320,revolution,revolution,NOUN,1,2
1321,rigid,rigid,ADJ,1,2
1322,route,route,NOUN,1,2
1323,scenario,scenario,NOUN,1,2
1324,schedule,schedule,NOUN,1,2
1325,scheme,scheme,NOUN,1,2
1326,scope,scope,NOUN,1,2
1327,sector,sector,NOUN,1,2
1328,seek,seek,VERB,1,2
1329,select,select,VERB,1,2
1330,sequence,sequence,NOUN,1,2
1331,shift,shift,VERB,1,2
1332,significant,significant,ADJ,1,2
1333,simulate,simulate,VERB,1,2
1334,sole,sole,ADJ,1,2
1335,somewhat,somewhat,ADV,1,2
1336,source,source,NOUN,1,2
1337,specify,specify,VERB,1,2
1338,sphere,sphere,NOUN,1,2
1339,stable,stable,ADJ,1,2
1340,statistic,statistic,NOUN,1,2
1341,status,status,NOUN,1,2
1342,straightforward,straightforward,ADJ,1,2
1343,strategy,strategy,NOUN,1,2
1344,stress,stress,NOUN,1,2
1345,structure,structure,VERB,1,2
1346,style,style,NOUN,1,2
1347,submit,submit,VERB,1,2
1348,subordinate,subordinate,NOUN,1,2
1349,subsequent,subsequent,ADJ,1,2
1350,substitute,substitute,VERB,1,2
1351,successor,successor,NOUN,1,2
1352,sufficient,sufficient,ADJ,1,2
1353,sum,sum,NOUN,1,2
1354,summary,summary,NOUN,1,2
1355,supplement,supplement,VERB,1,2
1356,survey,survey,NOUN,1,2
1357,survive,survive,VERB,1,2
1358,suspend,suspend,VERB,1,2
1359,sustain,sustain,VERB,1,2
1360,symbol,symbol,NOUN,1,2
1361,tape,tape,NOUN,1,2
1362,target,target,VERB,1,2
1363,task,task,NOUN,1,2
1364,team,team,NOUN,1,2
1365,technical,technical,ADJ,1,2
1366,technique,technique,NOUN,1,2
1367,technology,technology,NOUN,1,2
1368,temporary,temporary,ADJ,1,2
1369,tense,tense,ADJ,1,2
1370,terminate,terminate,VERB,1,2
1371,text,text,NOUN,1,2
1372,theme,theme,NOUN,1,2
1373,theory,theory,NOUN,1,2
1374,thereby,thereby,ADV,1,2
1375,thesis,thesis,NOUN,1,2
1376,topic,topic,NOUN,1,2
1377,trace,trace,VERB,1,2
1378,tradition,tradition,NOUN,1,2
1379,transfer,transfer,VERB,1,2
1380,transform,transform,VERB,1,2
1381,transit,transit,NOUN,1,2
1382,transition,transition,NOUN,1,2
1383,transmit,transmit,VERB,1,2
1384,transport,transport,NOUN,1,2
1385,trend,trend,NOUN,1,2
1386,trigger,trigger,VERB,1,2
1387,ultimate,ultimate,ADJ,1,2
1388,undergo,undergo,VERB,1,2
1389,underlie,underlie,VERB,1,2
1390,undertake,undertake,VERB,1,2
1391,uniform,uniform,ADJ,1,2
1392,unique,unique,ADJ,1,2
1393,utility,utility,NOUN,1,2
1394,valid,valid,ADJ,1,2
1395,vary,vary,VERB,1,2
1396,vehicle,vehicle,NOUN,1,2
1397,version,version,NOUN,1,2
1398,via,via,ADP,1,2
1399,violate,violate,VERB,1,2
1400,virtual,virtual,ADJ,1,2
1401,visible,visible,ADJ,1,2
1402,vision,vision,NOUN,1,2
1403,volume,volume,NOUN,1,2
1404,voluntary,voluntary,ADJ,1,2
1405,welfare,welfare,NOUN,1,2
1406,whereas,whereas,SCONJ,1,2
1407,whereby,whereby,ADV,1,2
1408,widespread,widespread,ADJ,1,2
1409,withdraw,withdraw,VERB,1,2
1410,adapt,adapt,VERB,1,2
1411,adequate,adequate,ADJ,1,2
1412,adjust,adjust,VERB,1,2
1413,adult,adult,NOUN,1,2
1414,affect,affect,VERB,1,2
1415,aggregate,aggregate,NOUN,1,2
1416,airline,airline,NOUN,1,2
1417,alcohol,alcohol,NOUN,1,2
1418,alternative,alternative,NOUN,1,2
1419,analyze,analyze,VERB,1,2
1420,annual,annual,ADJ,1,2
1421,anticipate,anticipate,VERB,1,2
1422,apparent,apparent,ADJ,1,2
1423,appreciate,appreciate,VERB,1,2
1424,appropriate,appropriate,ADJ,1,2
1425,arbitrary,arbitrary,ADJ,1,2
1426,assemble,assemble,VERB,1,2
1427,assert,assert,VERB,1,2
1428,assign,assign,VERB,1,2
1429,assist,assist,VERB,1,2
1430,assumption,assumption,NOUN,1,2
1431,assure,assure,VERB,1,2
1432,attach,attach,VERB,1,2
1433,attain,attain,VERB,1,2
1434,attitude,attitude,NOUN,1,2
1435,attribute,attribute,VERB,1,2
1436,automate,automate,VERB,1,2
1437,aware,aware,ADJ,1,2
1438,behalf,behalf,NOUN,1,2
1439,bond,bond,NOUN,1,2
1440,brief,brief,ADJ,1,2
1441,capability,capability,NOUN,1,2
1442,capacity,capacity,NOUN,1,2
1443,chapter,chapter,NOUN,1,2
1444,chart,chart,NOUN,1,2
1445,chemical,chemical,NOUN,1,2
1446,circumstance,circumstance,NOUN,1,2
1447,cite,cite,VERB,1,2
1448,civil,civil,ADJ,1,2
1449,classic,classic,ADJ,1,2
1450,clause,clause,NOUN,1,2
1451,code,code,NOUN,1,2
1452,coherent,coherent,ADJ,1,2
1453,colleague,colleague,NOUN,1,2
1454,commence,commence,VERB,1,2
1455,comment,comment,NOUN,1,2
1456,commission,commission,NOUN,1,2
1457,commit,commit,VERB,1,2
1458,commodity,commodity,NOUN,1,2
1459,communicate,communicate,VERB,1,2
1460,community,community,NOUN,1,2
1461,compatible,compatible,ADJ,1,2
1462,compensate,compensate,VERB,1,2
1463,compile,compile,VERB,1,2
1464,complex,complex,NOUN,1,2
1465,compute,compute,VERB,1,2
1466,conceive,conceive,VERB,1,2
1467,concentrate,concentrate,VERB,1,2
1468,concept,concept,NOUN,1,2
1469,conclude,conclude,VERB,1,2
1470,concurrent,concurrent,ADJ,1,2
1471,conduct,conduct,VERB,1,2
1472,confer,confer,VERB,1,2
1473,confine,confine,VERB,1,2
1474,confirm,confirm,VERB,1,2
1475,conflict,conflict,VERB,1,2
1476,conform,conform,VERB,1,2
1477,consent,consent,VERB,1,2
1478,consequent,consequent,ADJ,1,2
1479,considerable,considerable,ADJ,1,2
1480,consist,consist,VERB,1,2
1481,constant,constant,ADJ,1,2
1482,constitute,constitute,VERB,1,2
1483,constrain,constrain,VERB,1,2
1484,construct,construct,VERB,1,2
1485,consult,consult,VERB,1,2
1486,consume,consume,VERB,1,2
1487,contact,contact,NOUN,1,2
1488,contemporary,contemporary,ADJ,1,2
1489,context,context,NOUN,1,2
1490,contract,contract,NOUN,1,2
1491,contradict,contradict,VERB,1,2
1492,contrary,contrary,ADJ,1,2
1493,contrast,contrast,VERB,1,2
1494,contribute,contribute,VERB,1,2
1495,controversy,controversy,NOUN,1,2
1496,convene,convene,VERB,1,2
1497,convention,convention,NOUN,1,2
1498,converse,converse,VERB,1,2
1499,convert,convert,VERB,1,2
1500,convince,convince,VERB,1,2
1501,cooperate,cooperate,VERB,1,2
1502,coordinate,coordinate,VERB,1,2
1503,corporate,corporate,ADJ,1,2
1504,correspond,correspond,VERB,1,2
1505,couple,couple,VERB,1,2
1506,create,create,VERB,1,2
1507,credit,credit,VERB,1,2
1508,criteria,criteria,NOUN,1,2
1509,crucial,crucial,ADJ,1,2
1510,culture,culture,NOUN,1,2
1511,currency,currency,NOUN,1,2
1512,cycle,cycle,NOUN,1,2
1513,data,data,NOUN,1,2
1514,debate,debate,VERB,1,2
1515,decade,decade,NOUN,1,2
1516,decline,decline,VERB,1,2
1517,deduce,deduce,VERB,1,2
1518,define,define,VERB,1,2
1519,definite,definite,ADJ,1,2
1520,demonstrate,demonstrate,VERB,1,2
1521,denote,denote,VERB,1,2
1522,deny,deny,VERB,1,2
1523,depress,depress,VERB,1,2
1524,derive,derive,VERB,1,2
1525,design,design,VERB,1,2
1526,despite,despite,ADP,1,2
1527,detect,detect,VERB,1,2
1528,deviate,deviate,VERB,1,2
1529,device,device,NOUN,1,2
1530,devote,devote,VERB,1,2
1531,differentiate,differentiate,VERB,1,2
1532,dimension,dimension,NOUN,1,2
1533,diminish,diminish,VERB,1,2
1534,discrete,discrete,ADJ,1,2
1535,discriminate,discriminate,VERB,1,2
1536,displace,displace,VERB,1,2
1537,display,display,NOUN,1,2
1538,dispose,dispose,VERB,1,2
1539,distinct,distinct,ADJ,1,2
1540,distort,distort,VERB,1,2
1541,distribute,distribute,VERB,1,2
1542,diverse,diverse,ADJ,1,2
1543,document,document,NOUN,1,2
1544,domain,domain,NOUN,1,2
1545,domestic,domestic,ADJ,1,2
1546,dominate,dominate,VERB,1,2
1547,draft,draft,NOUN,1,2
1548,drama,drama,NOUN,1,2
1549,duration,duration,NOUN,1,2
1550,dynamic,dynamic,ADJ,1,2
1551,economy,economy,NOUN,1,2
1552,edit,edit,VERB,1,2
1553,element,element,NOUN,1,2
1554,eliminate,eliminate,VERB,1,2
1555,emerge,emerge,VERB,1,2
1556,emphasis,emphasis,NOUN,1,2
1557,empirical,empirical,ADJ,1,2
1558,enable,enable,VERB,1,2
1559,encounter,encounter,VERB,1,2
1560,energy,energy,NOUN,1,2
1561,enforce,enforce,VERB,1,2
1562,enhance,enhance,VERB,1,2
1563,enormous,enormous,ADJ,1,2
1564,ensure,ensure,VERB,1,2
1565,entity,entity,NOUN,1,2
1566,environment,environment,NOUN,1,2
1567,equate,equate,VERB,1,2
1568,equip,equip,VERB,1,2
1569,equivalent,equivalent,NOUN,1,2
1570,erode,erode,VERB,1,2
1571,error,error,NOUN,1,2
1572,establish,establish,VERB,1,2
1573,estate,estate,NOUN,1,2
1574,estimate,estimate,NOUN,1,2
1575,ethic,ethic,NOUN,1,2
1576,ethnic,ethnic,ADJ,1,2
1577,evaluate,evaluate,VERB,1,2
1578,eventual,eventual,ADJ,1,2
1579,evidence,evidence,NOUN,1,2
1580,evolve,evolve,VERB,1,2
1581,exceed,exceed,VERB,1,2
1582,exclude,exclude,VERB,1,2
1583,exhibit,exhibit,NOUN,1,2
1584,expand,expand,VERB,1,2
1585,expert,expert,NOUN,1,2
1586,explicit,explicit,ADJ,1,2
1587,exploit,exploit,VERB,1,2
1588,export,export,NOUN,1,2
1589,expose,expose,VERB,1,2
1590,external,external,ADJ,1,2
1591,extract,extract,NOUN,1,2
1592,facilitate,facilitate,VERB,1,2
1593,factor,factor,NOUN,1,2
1594,feature,feature,NOUN,1,2
1595,federal,federal,ADJ,1,2
1596,fee,fee,NOUN,1,2
1597,file,file,NOUN,1,2
1598,final,final,ADJ,1,2
1599,finance,finance,NOUN,1,2
1600,finite,finite,ADJ,1,2
1601,flexible,flexible,ADJ,1,2
1602,fluctuate,fluctuate,VERB,1,2
1603,focus,focus,NOUN,1,2
1604,format,format,VERB,1,2
1605,formula,formula,NOUN,1,2
1606,forthcoming,forthcoming,ADJ,1,2
1607,foundation,foundation,NOUN,1,2
1608,found,found,VERB,1,2
1609,framework,framework,NOUN,1,2
1610,function,function,NOUN,1,2
1611,fund,fund,VERB,1,2
1612,fundamental,fundamental,ADJ,1,2
1613,furthermore,furthermore,ADV,1,2
1614,gender,gender,NOUN,1,2
1615,generate,generate,VERB,1,2
1616,generation,generation,NOUN,1,2
1617,globe,globe,NOUN,1,2
1618,goal,goal,NOUN,1,2
1619,grade,grade,VERB,1,2
1620,grant,grant,NOUN,1,2
1621,guarantee,guarantee,NOUN,1,2
1622,guideline,guideline,NOUN,1,2
1623,hence,hence,ADV,1,2
1624,hierarchy,hierarchy,NOUN,1,2
1625,highlight,highlight,VERB,1,2
1626,hypothesis,hypothesis,NOUN,1,2
1627,identical,identical,ADJ,1,2
1628,identify,identify,VERB,1,2
1629,ideology,ideology,NOUN,1,2
1630,ignorance,ignorance,NOUN,1,2
1631,illustrate,illustrate,VERB,1,2
1632,image,image,NOUN,1,2
1633,immigrate,immigrate,VERB,1,2
1634,impact,impact,VERB,1,2
1635,implement,implement,NOUN,1,2
1636,implicate,implicate,VERB,1,2
1637,implicit,implicit,ADJ,1,2
1638,imply,imply,VERB,1,2
1639,import,import,NOUN,1,2
1640,impose,impose,VERB,1,2
1641,incentive,incentive,NOUN,1,2
1642,incidence,incidence,NOUN,1,2
1643,incline,incline,NOUN,1,2
1644,income,income,NOUN,1,2
1645,incorporate,incorporate,VERB,1,2
1646,index,index,VERB,1,2
1647,indicate,indicate,VERB,1,2
1648,individual,individual,ADJ,1,2
1649,induce,induce,VERB,1,2
1650,inevitable,inevitable,ADJ,1,2
1651,infer,infer,VERB,1,2
1652,infrastructure,infrastructure,NOUN,1,2
1653,inherent,inherent,ADJ,1,2
1654,inhibit,inhibit,VERB,1,2
1655,initial,initial,ADJ,1,2
1656,initiate,initiate,VERB,1,2
1657,injure,injure,VERB,1,2
1658,innovate,innovate,VERB,1,2
1659,input,input,VERB,1,2
1660,insert,insert,VERB,1,2
1661,insight,insight,NOUN,1,2
1662,inspect,inspect,VERB,1,2
1663,instance,instance,NOUN,1,2
1664,institute,institute,NOUN,1,2
1665,instruct,instruct,VERB,1,2
1666,integral,integral,ADJ,1,2
1667,integrate,integrate,VERB,1,2
1668,integrity,integrity,NOUN,1,2
1669,intelligence,intelligence,NOUN,1,2
1670,intense,intense,ADJ,1,2
1671,interact,interact,VERB,1,2
1672,intermediate,intermediate,ADJ,1,2
1673,internal,internal,ADJ,1,2
1674,interpret,interpret,VERB,1,2
1675,interval,interval,NOUN,1,2
1676,intervene,intervene,VERB,1,2
1677,intrinsic,intrinsic,ADJ,1,2
1678,invest,invest,VERB,1,2
1679,investigate,investigate,VERB,1,2
1680,invoke,invoke,VERB,1,2
1681,involve,involve,VERB,1,2
1682,isolate,isolate,VERB,1,2
1683,issue,issue,VERB,1,2
1684,item,item,NOUN,1,2
1685,job,job,NOUN,1,2
1686,journal,journal,NOUN,1,2
1687,justify,justify,VERB,1,2
1688,label,label,VERB,1,2
1689,labor,labor,NOUN,1,2
1690,layer,layer,NOUN,1,2
1691,lecture,lecture,VERB,1,2
1692,legal,legal,ADJ,1,2
1693,legislate,legislate,VERB,1,2
1694,levy,levy,VERB,1,2
1695,liberal,liberal,ADJ,1,2
1696,license,license,NOUN,1,2
1697,likewise,likewise,ADV,1,2
1698,link,link,VERB,1,2
1699,locate,locate,VERB,1,2
1700,logic,logic,NOUN,1,2
1701,maintain,maintain,VERB,1,2
1702,major,major,ADJ,1,2
1703,manipulate,manipulate,VERB,1,2
1704,manual,manual,NOUN,1,2
1705,margin,margin,NOUN,1,2
1706,mature,mature,VERB,1,2
1707,maximize,maximize,VERB,1,2
1708,mechanism,mechanism,NOUN,1,2
1709,media,media,NOUN,1,2
1710,mediate,mediate,VERB,1,2
1711,medical,medical,ADJ,1,2
1712,medium,medium,ADJ,1,2
1713,mental,mental,ADJ,1,2
1714,method,method,NOUN,1,2
1715,migrate,migrate,VERB,1,2
1716,military,military,NOUN,1,2
1717,minimize,minimize,VERB,1,2
1718,minimum,minimum,ADJ,1,2
1719,ministry,ministry,NOUN,1,2
1720,minor,minor,ADJ,1,2
1721,mode,mode,NOUN,1,2
1722,modify,modify,VERB,1,2
1723,monitor,monitor,NOUN,1,2
1724,motive,motive,NOUN,1,2
1725,mutual,mutual,ADJ,1,2
1726,negate,negate,VERB,1,2
1727,network,network,VERB,1,2
1728,neutral,neutral,ADJ,1,2
1729,nevertheless,nevertheless,ADV,1,2
1730,nonetheless,nonetheless,ADV,1,2
1731,norm,norm,NOUN,1,2
1732,normal,normal,ADJ,1,2
1733,notion,notion,NOUN,1,2
1734,notwithstanding,notwithstanding,ADV,1,2
1735,nuclear,nuclear,ADJ,1,2
1736,objective,objective,NOUN,1,2
1737,obtain,obtain,VERB,1,2
1738,obvious,obvious,ADJ,1,2
1739,occupy,occupy,VERB,1,2
1740,occur,occur,VERB,1,2
1741,odd,odd,ADJ,1,2
1742,offset,offset,VERB,1,2
1743,ongoing,ongoing,ADJ,1,2
1744,option,option,NOUN,1,2
1745,orient,orient,VERB,1,2
1746,outcome,outcome,NOUN,1,2
1747,output,output,VERB,1,2
1748,overall,overall,ADV,1,2
1749,overlap,overlap,NOUN,1,2
1750,overseas,overseas,ADJ,1,2
1751,panel,panel,NOUN,1,2
1752,paradigm,paradigm,NOUN,1,2
1753,paragraph,paragraph,NOUN,1,2
1754,parallel,parallel,NOUN,1,2
1755,parameter,parameter,NOUN,1,2
1756,participate,participate,VERB,1,2
1757,partner,partner,NOUN,1,2
1758,passive,passive,ADJ,1,2
1759,perceive,perceive,VERB,1,2
1760,percent,percent,NOUN,1,2
1761,period,period,NOUN,1,2
1762,persist,persist,VERB,1,2
1763,perspective,perspective,NOUN,1,2
1764,phase,phase,VERB,1,2
1765,phenomenon,phenomenon,NOUN,1,2
1766,philosophy,philosophy,NOUN,1,2
1767,physical,physical,ADJ,1,2
1768,plus,plus,ADP,1,2
1769,policy,policy,NOUN,1,2
1770,portion,portion,NOUN,1,2
1771,pose,pose,VERB,1,2
1772,positive,positive,ADJ,1,2
1773,potential,potential,NOUN,1,2
1774,practitioner,practitioner,NOUN,1,2
1775,precede,precede,VERB,1,2
1776,precise,precise,ADJ,1,2
1777,predict,predict,VERB,1,2
1778,predominant,predominant,ADJ,1,2
1779,preliminary,preliminary,ADJ,1,2
1780,presume,presume,VERB,1,2
1781,previous,previous,ADJ,1,2
1782,primary,primary,ADJ,1,2
1783,prime,prime,NOUN,1,2
1784,principal,principal,NOUN,1,2
1785,principle,principle,NOUN,1,2
1786,prior,prior,ADJ,1,2
1787,priority,priority,NOUN,1,2
1788,proceed,proceed,VERB,1,2
1789,process,process,VERB,1,2
1790,professional,professional,NOUN,1,2
1791,prohibit,prohibit,VERB,1,2
1792,project,project,VERB,1,2
1793,promote,promote,VERB,1,2
1794,proportion,proportion,NOUN,1,2
1795,prospect,prospect,NOUN,1,2
1796,protocol,protocol,NOUN,1,2
1797,psychology,psychology,NOUN,1,2
1798,publication,publication,NOUN,1,2
1799,publish,publish,VERB,1,2
1800,purchase,purchase,VERB,1,2
1801,pursue,pursue,VERB,1,2
1802,qualitative,qualitative,ADJ,1,2
1803,quote,quote,NOUN,1,2
1804,radical,radical,ADJ,1,2
1805,random,random,ADJ,1,2
1806,range,range,NOUN,1,2
1807,ratio,ratio,NOUN,1,2
1808,rational,rational,ADJ,1,2
1809,react,react,VERB,1,2
1810,recover,recover,VERB,1,2
1811,refine,refine,VERB,1,2
1812,regime,regime,NOUN,1,2
1813,region,region,NOUN,1,2
1814,register,register,NOUN,1,2
1815,regulate,regulate,VERB,1,2
1816,reinforce,reinforce,VERB,1,2
1817,reject,reject,NOUN,1,2
1818,relax,relax,VERB,1,2
1819,release,release,VERB,1,2
1820,relevant,relevant,ADJ,1,2
1821,reluctance,reluctance,NOUN,1,2
1822,rely,rely,VERB,1,2
1823,remove,remove,VERB,1,2
1824,require,require,VERB,1,2
1825,research,research,VERB,1,2
1826,reside,reside,VERB,1,2
1827,resolve,resolve,VERB,1,2
1828,resource,resource,NOUN,1,2
1829,respond,respond,VERB,1,2
1830,restore,restore,VERB,1,2
1831,restrain,restrain,VERB,1,2
1832,restrict,restrict,VERB,1,2
1833,retain,retain,VERB,1,2
1834,reveal,reveal,VERB,1,2
1835,revenue,revenue,NOUN,1,2
1836,reverse,reverse,VERB,1,2
1837,revise,revise,VERB,1,2
1838,revolution,revolution,NOUN,1,2
1839,rigid,rigid,ADJ,1,2
1840,role,role,NOUN,1,2
1841,route,route,NOUN,1,2
1842,scenario,scenario,NOUN,1,2
1843,schedule,schedule,VERB,1,2
1844,scheme,scheme,NOUN,1,2
1845,scope,scope,NOUN,1,2
1846,section,section,NOUN,1,2
1847,sector,sector,NOUN,1,2
1848,secure,secure,VERB,1,2
1849,seek,seek,VERB,1,2
1850,select,select,VERB,1,2
1851,sequence,sequence,NOUN,1,2
1852,series,series,NOUN,1,2
1853,sex,sex,NOUN,1,2
1854,shift,shift,NOUN,1,2
1855,significant,significant,ADJ,1,2
1856,similar,similar,ADJ,1,2
1857,simulate,simulate,VERB,1,2
1858,site,site,NOUN,1,2
1859,so-called,so-called,ADJ,1,2
1860,sole,sole,ADJ,1,2
1861,somewhat,somewhat,ADV,1,2
1862,source,source,VERB,1,2
1863,specific,specific,ADJ,1,2
1864,specify,specify,VERB,1,2
1865,sphere,sphere,NOUN,1,2
1866,stable,stable,ADJ,1,2
1867,statistic,statistic,NOUN,1,2
1868,status,status,NOUN,1,2
1869,straightforward,straightforward,ADJ,1,2
1870,strategy,strategy,NOUN,1,2
1871,stress,stress,VERB,1,2
1872,structure,structure,NOUN,1,2
1873,style,style,VERB,1,2
1874,submit,submit,VERB,1,2
1875,subordinate,subordinate,VERB,1,2
1876,subsequent,subsequent,ADJ,1,2
1877,subsidy,subsidy,NOUN,1,2
1878,substitute,substitute,NOUN,1,2
1879,successor,successor,NOUN,1,2
1880,sufficient,sufficient,ADJ,1,2
1881,sum,sum,VERB,1,2
1882,summary,summary,NOUN,1,2
1883,supplement,supplement,VERB,1,2
1884,survey,survey,VERB,1,2
1885,survive,survive,VERB,1,2
1886,suspend,suspend,VERB,1,2
1887,sustain,sustain,VERB,1,2
1888,symbol,symbol,NOUN,1,2
1889,tape,tape,VERB,1,2
1890,target,target,NOUN,1,2
1891,task,task,NOUN,1,2
1892,team,team,VERB,1,2
1893,technical,technical,ADJ,1,2
1894,technique,technique,NOUN,1,2
1895,technology,technology,NOUN,1,2
1896,temporary,temporary,ADJ,1,2
1897,tense,tense,NOUN,1,2
1898,terminate,terminate,VERB,1,2
1899,text,text,VERB,1,2
1900,theme,theme,NOUN,1,2
1901,theory,theory,NOUN,1,2
1902,thereby,thereby,ADV,1,2
1903,thesis,thesis,NOUN,1,2
1904,topic,topic,NOUN,1,2
1905,trace,trace,NOUN,1,2
1906,tradition,tradition,NOUN,1,2
1907,transfer,transfer,NOUN,1,2
1908,transform,transform,VERB,1,2
1909,transit,transit,VERB,1,2
1910,transition,transition,NOUN,1,2
1911,transmit,transmit,VERB,1,2
1912,transport,transport,VERB,1,2
1913,trend,trend,NOUN,1,2
1914,trigger,trigger,NOUN,1,2
1915,ultimate,ultimate,ADJ,1,2
1916,undergo,undergo,VERB,1,2
1917,underlie,underlie,VERB,1,2
1918,undertake,undertake,VERB,1,2
1919,uniform,uniform,NOUN,1,2
1920,unique,unique,ADJ,1,2
1921,utility,utility,NOUN,1,2
1922,valid,valid,ADJ,1,2
1923,vary,vary,VERB,1,2
1924,vehicle,vehicle,NOUN,1,2
1925,version,version,NOUN,1,2
1926,via,via,ADP,1,2
1927,violate,violate,VERB,1,2
1928,virtual,virtual,ADJ,1,2
1929,visible,visible,ADJ,1,2
1930,vision,vision,NOUN,1,2
1931,volume,volume,NOUN,1,2
1932,voluntary,voluntary,ADJ,1,2
1933,welfare,welfare,NOUN,1,2
1934,whereas,whereas,SCONJ,1,2
1935,whereby,whereby,ADV,1,2
1936,widespread,widespread,ADJ,1,2
1937,abandon,abandon,VERB,1,3
1938,abstract,abstract,NOUN,1,3
1939,academy,academy,NOUN,1,3
1940,access,access,VERB,1,3
1941,accommodate,accommodate,VERB,1,3
1942,accompany,accompany,VERB,1,3
1943,accumulate,accumulate,VERB,1,3
1944,accurate,accurate,ADJ,1,3
1945,achieve,achieve,VERB,1,3
1946,acknowledge,acknowledge,VERB,1,3
1947,acquire,acquire,VERB,1,3
1948,adapt,adapt,VERB,1,3
1949,adequate,adequate,ADJ,1,3
1950,adjacent,adjacent,ADJ,1,3
1951,adjust,adjust,VERB,1,3
1952,administrate,administrate,VERB,1,3
1953,adult,adult,ADJ,1,3
1954,advocate,advocate,NOUN,1,3
1955,affect,affect,VERB,1,3
1956,aggregate,aggregate,VERB,1,3
1957,aid,aid,VERB,1,3
1958,albeit,albeit,CONJ,1,3
1959,allocate,allocate,VERB,1,3
1960,alter,alter,VERB,1,3
1961,alternative,alternative,ADJ,1,3
1962,ambiguous,ambiguous,ADJ,1,3
1963,amend,amend,VERB,1,3
1964,analogy,analogy,NOUN,1,3
1965,analyze,analyze,VERB,1,3
1966,annual,annual,ADJ,1,3
1967,anticipate,anticipate,VERB,1,3
1968,apparent,apparent,ADJ,1,3
1969,append,append,VERB,1,3
1970,appreciate,appreciate,VERB,1,3
1971,approach,approach,VERB,1,3
1972,appropriate,appropriate,VERB,1,3
1973,approximate,approximate,VERB,1,3
1974,arbitrary,arbitrary,ADJ,1,3
1975,area,area,NOUN,1,3
1976,aspect,aspect,NOUN,1,3
1977,assemble,assemble,VERB,1,3
1978,assess,assess,VERB,1,3
1979,assign,assign,VERB,1,3
1980,assist,assist,VERB,1,3
1981,assume,assume,VERB,1,3
1982,assure,assure,VERB,1,3
1983,attach,attach,VERB,1,3
1984,attain,attain,VERB,1,3
1985,attitude,attitude,NOUN,1,3
1986,attribute,attribute,VERB,1,3
1987,author,author,VERB,1,3
1988,authority,authority,NOUN,1,3
1989,automate,automate,VERB,1,3
1990,available,available,ADJ,1,3
1991,aware,aware,ADJ,1,3
1992,behalf,behalf,NOUN,1,3
1993,benefit,benefit,VERB,1,3
1994,bias,bias,VERB,1,3
1995,bond,bond,VERB,1,3
1996,brief,brief,NOUN,1,3
1997,bulk,bulk,NOUN,1,3
1998,capable,capable,ADJ,1,3
1999,capacity,capacity,NOUN,1,3
2000,category,category,NOUN,1,3
2001,cease,cease,VERB,1,3
2002,challenge,challenge,VERB,1,3
2003,channel,channel,NOUN,1,3
2004,chapter,chapter,NOUN,1,3
2005,chart,chart,VERB,1,3
2006,chemical,chemical,ADJ,1,3
2007,circumstance,circumstance,NOUN,1,3
2008,cite,cite,VERB,1,3
2009,civil,civil,ADJ,1,3
2010,clarify,clarify,VERB,1,3
2011,classic,classic,NOUN,1,3
2012,clause,clause,NOUN,1,3
2013,code,code,VERB,1,3
2014,coherent,coherent,ADJ,1,3
2015,coincide,coincide,VERB,1,3
2016,collapse,collapse,NOUN,1,3
2017,colleague,colleague,NOUN,1,3
2018,commence,commence,VERB,1,3
2019,comment,comment,VERB,1,3
2020,commission,commission,VERB,1,3
2021,commit,commit,VERB,1,3
2022,commodity,commodity,NOUN,1,3
2023,communicate,communicate,VERB,1,3
2024,community,community,NOUN,1,3
2025,compatible,compatible,ADJ,1,3
2026,compensate,compensate,VERB,1,3
2027,compile,compile,VERB,1,3
2028,complement,complement,NOUN,1,3
2029,complex,complex,NOUN,1,3
2030,component,component,NOUN,1,3
2031,compound,compound,NOUN,1,3
2032,comprehensive,comprehensive,ADJ,1,3
2033,comprise,comprise,VERB,1,3
2034,compute,compute,VERB,1,3
2035,conceive,conceive,VERB,1,3
2036,concentrate,concentrate,VERB,1,3
2037,concept,concept,NOUN,1,3
2038,conclude,conclude,VERB,1,3
2039,concurrent,concurrent,ADJ,1,3
2040,conduct,conduct,NOUN,1,3
2041,confer,confer,VERB,1,3
2042,confine,confine,VERB,1,3
2043,confirm,confirm,VERB,1,3
2044,conflict,conflict,NOUN,1,3
2045,conform,conform,VERB,1,3
2046,consent,consent,NOUN,1,3
2047,consequent,consequent,ADJ,1,3
2048,considerable,considerable,ADJ,1,3
2049,consist,consist,VERB,1,3
2050,constant,constant,NOUN,1,3
2051,constitute,constitute,VERB,1,3
2052,constrain,constrain,VERB,1,3
2053,construct,construct,NOUN,1,3
2054,consult,consult,VERB,1,3
2055,consume,consume,VERB,1,3
2056,contact,contact,VERB,1,3
2057,contemporary,contemporary,NOUN,1,3
2058,context,context,NOUN,1,3
2059,contract,contract,VERB,1,3
2060,contradict,contradict,VERB,1,3
2061,contrary,contrary,NOUN,1,3
2062,contrast,contrast,NOUN,1,3
2063,contribute,contribute,VERB,1,3
2064,controversy,controversy,NOUN,1,3
2065,convene,convene,VERB,1,3
2066,convention,convention,NOUN,1,3
2067,converse,converse,ADJ,1,3
2068,convert,convert,NOUN,1,3
2069,convince,convince,VERB,1,3
2070,cooperate,cooperate,VERB,1,3
2071,coordinate,coordinate,NOUN,1,3
2072,core,core,ADJ,1,3
2073,corporate,corporate,ADJ,1,3
2074,correspond,correspond,VERB,1,3
2075,couple,couple,NOUN,1,3
2076,create,create,VERB,1,3
2077,credit,credit,NOUN,1,3
2078,criteria,criteria,NOUN,1,3
2079,crucial,crucial,ADJ,1,3
2080,culture,culture,VERB,1,3
2081,currency,currency,NOUN,1,3
2082,cycle,cycle,VERB,1,3
2083,data,data,NOUN,1,3
2084,debate,debate,NOUN,1,3
2085,decade,decade,NOUN,1,3
2086,decline,decline,NOUN,1,3
2087,deduce,deduce,VERB,1,3
2088,define,define,VERB,1,3
2089,definite,definite,ADJ,1,3
2090,demonstrate,demonstrate,VERB,1,3
2091,denote,denote,VERB,1,3
2092,deny,deny,VERB,1,3
2093,depress,depress,VERB,1,3
2094,derive,derive,VERB,1,3
2095,design,design,NOUN,1,3
2096,despite,despite,ADP,1,3
2097,detect,detect,VERB,1,3
2098,deviate,deviate,VERB,1,3
2099,device,device,NOUN,1,3
2100,devote,devote,VERB,1,3
2101,differentiate,differentiate,VERB,1,3
2102,dimension,dimension,NOUN,1,3
2103,diminish,diminish,VERB,1,3
2104,discrete,discrete,ADJ,1,3
2105,discriminate,discriminate,VERB,1,3
2106,displace,displace,VERB,1,3
2107,display,display,NOUN,1,3
2108,dispose,dispose,VERB,1,3
2109,distinct,distinct,ADJ,1,3
2110,distort,distort,VERB,1,3
2111,distribute,distribute,VERB,1,3
2112,diverse,diverse,ADJ,1,3
2113,document,document,VERB,1,3
2114,domain,domain,NOUN,1,3
2115,domestic,domestic,ADJ,1,3
2116,dominate,dominate,VERB,1,3
2117,draft,draft,VERB,1,3
2118,drama,drama,NOUN,1,3
2119,duration,duration,NOUN,1,3
2120,dynamic,dynamic,NOUN,1,3
2121,economy,economy,NOUN,1,3
2122,edit,edit,NOUN,1,3
2123,element,element,NOUN,1,3
2124,eliminate,eliminate,VERB,1,3
2125,emerge,emerge,VERB,1,3
2126,emphasis,emphasis,NOUN,1,3
2127,empirical,empirical,ADJ,1,3
2128,enable,enable,VERB,1,3
2129,encounter,encounter,NOUN,1,3
2130,energy,energy,NOUN,1,3
2131,enforce,enforce,VERB,1,3
2132,enhance,enhance,VERB,1,3
2133,enormous,enormous,ADJ,1,3
2134,ensure,ensure,VERB,1,3
2135,entity,entity,NOUN,1,3
2136,environment,environment,NOUN,1,3
2137,equate,equate,VERB,1,3
2138,equip,equip,VERB,1,3
2139,equivalent,equivalent,ADJ,1,3
2140,erode,erode,VERB,1,3
2141,error,error,NOUN,1,3
2142,establish,establish,VERB,1,3
2143,estate,estate,NOUN,1,3
2144,estimate,estimate,VERB,1,3
2145,ethic,ethic,NOUN,1,3
2146,ethnic,ethnic,ADJ,1,3
2147,evaluate,evaluate,VERB,1,3
2148,eventual,eventual,ADJ,1,3
2149,evidence,evidence,VERB,1,3
2150,evolve,evolve,VERB,1,3
2151,exceed,exceed,VERB,1,3
2152,exclude,exclude,VERB,1,3
2153,exhibit,exhibit,VERB,1,3
2154,expand,expand,VERB,1,3
2155,expert,expert,ADJ,1,3
2156,explicit,explicit,ADJ,1,3
2157,exploit,exploit,NOUN,1,3
2158,export,export,VERB,1,3
2159,expose,expose,VERB,1,3
2160,external,external,ADJ,1,3
2161,extract,extract,VERB,1,3
2162,facilitate,facilitate,VERB,1,3
2163,factor,factor,VERB,1,3
2164,feature,feature,VERB,1,3
2165,federal,federal,ADJ,1,3
2166,fee,fee,NOUN,1,3
2167,file,file,VERB,1,3
2168,final,final,NOUN,1,3
2169,finance,finance,VERB,1,3
2170,finite,finite,ADJ,1,3
2171,flexible,flexible,ADJ,1,3
2172,fluctuate,fluctuate,VERB,1,3
2173,focus,focus,VERB,1,3
2174,format,format,NOUN,1,3
2175,formula,formula,NOUN,1,3
2176,forthcoming,forthcoming,ADJ,1,3
2177,foundation,foundation,NOUN,1,3
2178,found,found,VERB,1,3
2179,framework,framework,NOUN,1,3
2180,function,function,VERB,1,3
2181,fund,fund,NOUN,1,3
2182,fundamental,fundamental,NOUN,1,3
2183,furthermore,furthermore,ADV,1,3
2184,gender,gender,NOUN,1,3
2185,generate,generate,VERB,1,3
2186,generation,generation,NOUN,1,3
2187,globe,globe,NOUN,1,3
2188,goal,goal,NOUN,1,3
2189,grade,grade,NOUN,1,3
2190,grant,grant,VERB,1,3
2191,guarantee,guarantee,VERB,1,3
2192,guideline,guideline,NOUN,1,3
2193,hence,hence,ADV,1,3
2194,hierarchy,hierarchy,NOUN,1,3
2195,highlight,highlight,NOUN,1,3
2196,hypothesis,hypothesis,NOUN,1,3
2197,identical,identical,ADJ,1,3
2198,identify,identify,VERB,1,3
2199,ideology,ideology,NOUN,1,3
2200,ignorance,ignorance,NOUN,1,3
2201,illustrate,illustrate,VERB,1,3
2202,image,image,VERB,1,3
2203,immigrate,immigrate,VERB,1,3
2204,impact,impact,NOUN,1,3
2205,implement,implement,VERB,1,3
2206,implicate,implicate,VERB,1,3
2207,implicit,implicit,ADJ,1,3
2208,imply,imply,VERB,1,3
2209,import,import,VERB,1,3
2210,impose,impose,VERB,1,3
2211,incentive,incentive,NOUN,1,3
2212,incidence,incidence,NOUN,1,3
2213,incline,incline,VERB,1,3
2214,income,income,NOUN,1,3
2215,incorporate,incorporate,VERB,1,3
2216,index,index,NOUN,1,3
2217,indicate,indicate,VERB,1,3
2218,individual,individual,NOUN,1,3
2219,induce,induce,VERB,1,3
2220,inevitable,inevitable,ADJ,1,3
2221,infer,infer,VERB,1,3
2222,infrastructure,infrastructure,NOUN,1,3
2223,inherent,inherent,ADJ,1,3
2224,inhibit,inhibit,VERB,1,3
2225,initial,initial,NOUN,1,3
2226,initiate,initiate,VERB,1,3
2227,injure,injure,VERB,1,3
2228,innovate,innovate,VERB,1,3
2229,input,input,NOUN,1,3
2230,insert,insert,NOUN,1,3
2231,insight,insight,NOUN,1,3
2232,inspect,inspect,VERB,1,3
2233,instance,instance,NOUN,1,3
2234,institute,institute,VERB,1,3
2235,instruct,instruct,VERB,1,3
2236,integral,integral,NOUN,1,3
2237,integrate,integrate,VERB,1,3
2238,integrity,integrity,NOUN,1,3
2239,intelligence,intelligence,NOUN,1,3
2240,intense,intense,ADJ,1,3
2241,interact,interact,VERB,1,3
2242,intermediate,intermediate,NOUN,1,3
2243,internal,internal,ADJ,1,3
2244,interpret,interpret,VERB,1,3
2245,interval,interval,NOUN,1,3
2246,intervene,intervene,VERB,1,3
2247,intrinsic,intrinsic,ADJ,1,3
2248,invest,invest,VERB,1,3
2249,investigate,investigate,VERB,1,3
2250,invoke,invoke,VERB,1,3
2251,involve,involve,VERB,1,3
2252,isolate,isolate,ADJ,1,3
2253,issue,issue,NOUN,1,3
2254,item,item,NOUN,1,3
2255,job,job,NOUN,1,3
2256,journal,journal,NOUN,1,3
2257,justify,justify,VERB,1,3
2258,label,label,NOUN,1,3
2259,labor,labor,VERB,1,3
2260,layer,layer,VERB,1,3
2261,lecture,lecture,NOUN,1,3
2262,legal,legal,ADJ,1,3
2263,legislate,legislate,VERB,1,3
2264,levy,levy,NOUN,1,3
2265,liberal,liberal,NOUN,1,3
2266,license,license,VERB,1,3
2267,likewise,likewise,ADV,1,3
2268,link,link,NOUN,1,3
2269,locate,locate,VERB,1,3
2270,logic,logic,NOUN,1,3
2271,maintain,maintain,VERB,1,3
2272,major,major,NOUN,1,3
2273,manipulate,manipulate,VERB,1,3
2274,manual,manual,NOUN,1,3
2275,margin,margin,NOUN,1,3
2276,mature,mature,ADJ,1,3
2277,maximize,maximize,VERB,1,3
2278,mechanism,mechanism,NOUN,1,3
2279,media,media,NOUN,1,3
2280,mediate,mediate,VERB,1,3
2281,medical,medical,ADJ,1,3
2282,medium,medium,NOUN,1,3
2283,mental,mental,ADJ,1,3
2284,method,method,NOUN,1,3
2285,migrate,migrate,VERB,1,3
2286,military,military,ADJ,1,3
2287,minimize,minimize,VERB,1,3
2288,minimum,minimum,NOUN,1,3
2289,ministry,ministry,NOUN,1,3
2290,minor,minor,NOUN,1,3
2291,mode,mode,NOUN,1,3
2292,modify,modify,VERB,1,3
2293,monitor,monitor,VERB,1,3
2294,motive,motive,NOUN,1,3
2295,mutual,mutual,ADJ,1,3
2296,negate,negate,VERB,1,3
2297,network,network,NOUN,1,3
2298,neutral,neutral,NOUN,1,3
2299,nevertheless,nevertheless,ADV,1,3
2300,nonetheless,nonetheless,ADV,1,3
2301,norm,norm,NOUN,1,3
2302,normal,normal,NOUN,1,3
2303,notion,notion,NOUN,1,3
2304,notwithstanding,notwithstanding,CONJ,1,3
2305,nuclear,nuclear,ADJ,1,3
2306,objective,objective,ADJ,1,3
2307,obtain,obtain,VERB,1,3
2308,obvious,obvious,ADJ,1,3
2309,occupy,occupy,VERB,1,3
2310,occur,occur,VERB,1,3
2311,odd,odd,NOUN,1,3
2312,offset,offset,NOUN,1,3
2313,ongoing,ongoing,ADJ,1,3
2314,option,option,NOUN,1,3
2315,orient,orient,NOUN,1,3
2316,outcome,outcome,NOUN,1,3
2317,output,output,NOUN,1,3
2318,overall,overall,ADJ,1,3
2319,overlap,overlap,VERB,1,3
2320,overseas,overseas,ADJ,1,3
2321,panel,panel,NOUN,1,3
2322,paradigm,paradigm,NOUN,1,3
2323,paragraph,paragraph,NOUN,1,3
2324,parallel,parallel,VERB,1,3
2325,parameter,parameter,NOUN,1,3
2326,participate,participate,VERB,1,3
2327,partner,partner,VERB,1,3
2328,passive,passive,NOUN,1,3
2329,perceive,perceive,VERB,1,3
2330,percent,percent,NOUN,1,3
2331,period,period,NOUN,1,3
2332,persist,persist,VERB,1,3
2333,perspective,perspective,NOUN,1,3
2334,phase,phase,NOUN,1,3
2335,phenomenon,phenomenon,NOUN,1,3
2336,philosophy,philosophy,NOUN,1,3
2337,physical,physical,NOUN,1,3
2338,plus,plus,NOUN,1,3
2339,policy,policy,NOUN,1,3
2340,portion,portion,NOUN,1,3
2341,pose,pose,NOUN,1,3
2342,positive,positive,NOUN,1,3
2343,potential,potential,ADJ,1,3
2344,practitioner,practitioner,NOUN,1,3
2345,precede,precede,VERB,1,3
2346,precise,precise,ADJ,1,3
2347,predict,predict,VERB,1,3
2348,predominant,predominant,ADJ,1,3
2349,preliminary,preliminary,NOUN,1,3
2350,presume,presume,VERB,1,3
2351,previous,previous,ADJ,1,3
2352,primary,primary,NOUN,1,3
2353,prime,prime,ADJ,1,3
2354,principal,principal,ADJ,1,3
2355,principle,principle,NOUN,1,3
2356,prior,prior,NOUN,1,3
2357,priority,priority,NOUN,1,3
2358,proceed,proceed,VERB,1,3
2359,process,process,NOUN,1,3
2360,professional,professional,ADJ,1,3
2361,prohibit,prohibit,VERB,1,3
2362,project,project,NOUN,1,3
2363,promote,promote,VERB,1,3
2364,proportion,proportion,VERB,1,3
2365,prospect,prospect,VERB,1,3
2366,protocol,protocol,NOUN,1,3
2367,psychology,psychology,NOUN,1,3
2368,publication,publication,NOUN,1,3
2369,publish,publish,VERB,1,3
2370,purchase,purchase,NOUN,1,3
2371,pursue,pursue,VERB,1,3
2372,qualitative,qualitative,ADJ,1,3
2373,quote,quote,VERB,1,3
2374,radical,radical,NOUN,1,3
2375,random,random,NOUN,1,3
2376,range,range,VERB,1,3
2377,ratio,ratio,NOUN,1,3
2378,rational,rational,NOUN,1,3
2379,react,react,VERB,1,3
2380,recover,recover,VERB,1,3
2381,refine,refine,VERB,1,3
2382,regime,regime,NOUN,1,3
2383,region,region,NOUN,1,3
2384,register,register,VERB,1,3
2385,regulate,regulate,VERB,1,3
2386,reinforce,reinforce,VERB,1,3
2387,reject,reject,VERB,1,3
2388,relax,relax,VERB,1,3
2389,release,release,NOUN,1,3
2390,relevant,relevant,ADJ,1,3
2391,reluctance,reluctance,NOUN,1,3
2392,rely,rely,VERB,1,3
2393,remove,remove,VERB,1,3
2394,require,require,VERB,1,3
2395,research,research,NOUN,1,3
2396,reside,reside,VERB,1,3
2397,resolve,resolve,NOUN,1,3
2398,resource,resource,NOUN,1,3
2399,respond,respond,VERB,1,3
2400,restore,restore,VERB,1,3
2401,restrain,restrain,VERB,1,3
2402,restrict,restrict,VERB,1,3
2403,retain,retain,VERB,1,3
2404,reveal,reveal,VERB,1,3
2405,revenue,revenue,NOUN,1,3
2406,reverse,reverse,NOUN,1,3
2407,revise,revise,VERB,1,3
2408,revolution,revolution,NOUN,1,3
2409,rigid,rigid,ADJ,1,3
2410,role,role,NOUN,1,3
2411,route,route,VERB,1,3
2412,scenario,scenario,NOUN,1,3
2413,schedule,schedule,NOUN,1,3
2414,scheme,scheme,VERB,1,3
2415,scope,scope,NOUN,1,3
2416,section,section,VERB,1,3
2417,sector,sector,NOUN,1,3
2418,secure,secure,ADJ,1,3
2419,seek,seek,VERB,1,3
2420,select,select,ADJ,1,3
2421,sequence,sequence,VERB,1,3
2422,series,series,NOUN,1,3
2423,sex,sex,VERB,1,3
2424,shift,shift,VERB,1,3
2425,significant,significant,ADJ,1,3
2426,similar,similar,ADJ,1,3
2427,simulate,simulate,VERB,1,3
2428,site,site,VERB,1,3
2429,so-called,so-called,ADJ,1,3
2430,sole,sole,NOUN,1,3
2431,somewhat,somewhat,PRON,1,3
2432,source,source,NOUN,1,3
2433,specific,specific,NOUN,1,3
2434,specify,specify,VERB,1,3
2435,sphere,sphere,NOUN,1,3
2436,stable,stable,NOUN,1,3
2437,statistic,statistic,ADJ,1,3
2438,status,status,NOUN,1,3
2439,straightforward,straightforward,ADV,1,3
2440,strategy,strategy,NOUN,1,3
2441,stress,stress,VERB,1,3
2442,structure,structure,VERB,1,3
2443,style,style,NOUN,1,3
2444,submit,submit,VERB,1,3
2445,subordinate,subordinate,ADJ,1,3
2446,subsequent,subsequent,ADJ,1,3
2447,subsidy,subsidy,NOUN,1,3
2448,substitute,substitute,VERB,1,3
2449,successor,successor,NOUN,1,3
2450,sufficient,sufficient,ADJ,1,3
2451,sum,sum,NOUN,1,3
2452,summary,summary,ADJ,1,3
2453,supplement,supplement,NOUN,1,3
2454,survey,survey,NOUN,1,3
2455,survive,survive,VERB,1,3
2456,suspend,suspend,VERB,1,3
2457,sustain,sustain,VERB,1,3
2458,symbol,symbol,NOUN,1,3
2459,tape,tape,NOUN,1,3
2460,target,target,VERB,1,3
2461,task,task,VERB,1,3
2462,team,team,NOUN,1,3
2463,technical,technical,ADJ,1,3
2464,technique,technique,NOUN,1,3
2465,technology,technology,NOUN,1,3
2466,temporary,temporary,NOUN,1,3
2467,tense,tense,ADJ,1,3
2468,terminate,terminate,VERB,1,3
2469,text,text,NOUN,1,3
2470,theme,theme,NOUN,1,3
2471,theory,theory,NOUN,1,3
2472,thereby,thereby,ADV,1,3
2473,thesis,thesis,NOUN,1,3
2474,topic,topic,NOUN,1,3
2475,trace,trace,VERB,1,3
2476,tradition,tradition,NOUN,1,3
2477,transfer,transfer,VERB,1,3
2478,transform,transform,NOUN,1,3
2479,transit,transit,NOUN,1,3
2480,transition,transition,VERB,1,3
2481,transmit,transmit,VERB,1,3
2482,transport,transport,NOUN,1,3
2483,trend,trend,NOUN,1,3
2484,trigger,trigger,VERB,1,3
2485,ultimate,ultimate,NOUN,1,3
2486,undergo,undergo,VERB,1,3
2487,underlie,underlie,VERB,1,3
2488,undertake,undertake,VERB,1,3
2489,uniform,uniform,ADJ,1,3
2490,unique,unique,ADJ,1,3
2491,utility,utility,NOUN,1,3
2492,valid,valid,ADJ,1,3
2493,vary,vary,VERB,1,3
2494,vehicle,vehicle,NOUN,1,3
2495,version,version,NOUN,1,3
2496,via,via,ADP,1,3
2497,violate,violate,VERB,1,3
2498,virtual,virtual,ADJ,1,3
2499,visible,visible,ADJ,1,3
2500,vision,vision,NOUN,1,3
2501,volume,volume,NOUN,1,3
2502,voluntary,voluntary,ADJ,1,3
2503,welfare,welfare,NOUN,1,3
2504,whereas,whereas,SCONJ,1,3
2505,whereby,whereby,ADV,1,3
2506,widespread,widespread,ADJ,1,3
2507,withdraw,withdraw,VERB,1,3
2508,furthermore,furthermore,ADV,1,3
2509,nonetheless,nonetheless,ADV,1,3
2510,notwithstanding,notwithstanding,ADP,1,3
2511,straightforward,straightforward,ADJ,1,3
2512,thereby,thereby,ADV,1,3
2513,whereby,whereby,ADV,1,3
2514,whereas,whereas,SCONJ,1,3
2515,furthermore,furthermore,ADV,1,3
2516,nonetheless,nonetheless,ADV,1,3
2517,notwithstanding,notwithstanding,ADP,1,3
2518,abandon,abandon,VERB,1,3
2519,abstract,abstract,NOUN,1,3
2520,academy,academy,NOUN,1,3
2521,access,access,VERB,1,3
2522,accommodate,accommodate,VERB,1,3
2523,accompany,accompany,VERB,1,3
2524,accumulate,accumulate,VERB,1,3
2525,accurate,accurate,ADJ,1,3
2526,achieve,achieve,VERB,1,3
2527,acknowledge,acknowledge,VERB,1,3
2528,acquire,acquire,VERB,1,3
2529,adapt,adapt,VERB,1,3
2530,adequate,adequate,ADJ,1,3
2531,adjacent,adjacent,ADJ,1,3
2532,adjust,adjust,VERB,1,3
2533,administrate,administrate,VERB,1,3
2534,adult,adult,ADJ,1,3
2535,advocate,advocate,NOUN,1,3
2536,affect,affect,VERB,1,3
2537,aggregate,aggregate,VERB,1,3
2538,aid,aid,VERB,1,3
2539,albeit,albeit,CONJ,1,3
2540,allocate,allocate,VERB,1,3
2541,alter,alter,VERB,1,3
2542,alternative,alternative,ADJ,1,3
2543,ambiguous,ambiguous,ADJ,1,3
2544,amend,amend,VERB,1,3
2545,analogy,analogy,NOUN,1,3
2546,analyze,analyze,VERB,1,3
2547,annual,annual,ADJ,1,3
2548,anticipate,anticipate,VERB,1,3
2549,apparent,apparent,ADJ,1,3
2550,append,append,VERB,1,3
2551,appreciate,appreciate,VERB,1,3
2552,approach,approach,VERB,1,3
2553,appropriate,appropriate,VERB,1,3
2554,approximate,approximate,VERB,1,3
2555,arbitrary,arbitrary,ADJ,1,3
2556,area,area,NOUN,1,3
2557,aspect,aspect,NOUN,1,3
2558,assemble,assemble,VERB,1,3
2559,assess,assess,VERB,1,3
2560,assign,assign,VERB,1,3
2561,assist,assist,VERB,1,3
2562,assume,assume,VERB,1,3
2563,assure,assure,VERB,1,3
2564,attach,attach,VERB,1,3
2565,attain,attain,VERB,1,3
2566,attitude,attitude,NOUN,1,3
2567,attribute,attribute,VERB,1,3
2568,author,author,VERB,1,3
2569,authority,authority,NOUN,1,3
2570,automate,automate,VERB,1,3
2571,available,available,ADJ,1,3
2572,aware,aware,ADJ,1,3
2573,behalf,behalf,NOUN,1,3
2574,benefit,benefit,VERB,1,3
2575,bias,bias,VERB,1,3
2576,bond,bond,VERB,1,3
2577,brief,brief,NOUN,1,3
2578,bulk,bulk,NOUN,1,3
2579,capable,capable,ADJ,1,3
2580,capacity,capacity,NOUN,1,3
2581,category,category,NOUN,1,3
2582,cease,cease,VERB,1,3
2583,challenge,challenge,VERB,1,3
2584,channel,channel,NOUN,1,3
2585,chapter,chapter,NOUN,1,3
2586,chart,chart,VERB,1,3
2587,chemical,chemical,ADJ,1,3
2588,circumstance,circumstance,NOUN,1,3
2589,cite,cite,VERB,1,3
2590,civil,civil,ADJ,1,3
2591,clarify,clarify,VERB,1,3
2592,classic,classic,NOUN,1,3
2593,clause,clause,NOUN,1,3
2594,code,code,VERB,1,3
2595,coherent,coherent,ADJ,1,3
2596,coincide,coincide,VERB,1,3
2597,collapse,collapse,NOUN,1,3
2598,colleague,colleague,NOUN,1,3
2599,commence,commence,VERB,1,3
2600,comment,comment,VERB,1,3
2601,commission,commission,VERB,1,3
2602,commit,commit,VERB,1,3
2603,commodity,commodity,NOUN,1,3
2604,communicate,communicate,VERB,1,3
2605,community,community,NOUN,1,3
2606,compatible,compatible,ADJ,1,3
2607,compensate,compensate,VERB,1,3
2608,compile,compile,VERB,1,3
2609,complement,complement,NOUN,1,3
2610,complex,complex,NOUN,1,3
2611,component,component,NOUN,1,3
2612,compound,compound,NOUN,1,3
2613,comprehensive,comprehensive,ADJ,1,3
2614,comprise,comprise,VERB,1,3
2615,compute,compute,VERB,1,3
2616,conceive,conceive,VERB,1,3
2617,concentrate,concentrate,VERB,1,3
2618,concept,concept,NOUN,1,3
2619,conclude,conclude,VERB,1,3
2620,concurrent,concurrent,ADJ,1,3
2621,conduct,conduct,NOUN,1,3
2622,confer,confer,VERB,1,3
2623,confine,confine,VERB,1,3
2624,confirm,confirm,VERB,1,3
2625,conflict,conflict,NOUN,1,3
2626,conform,conform,VERB,1,3
2627,consent,consent,NOUN,1,3
2628,consequent,consequent,ADJ,1,3
2629,considerable,considerable,ADJ,1,3
2630,consist,consist,VERB,1,3
2631,constant,constant,NOUN,1,3
2632,constitute,constitute,VERB,1,3
2633,constrain,constrain,VERB,1,3
2634,construct,construct,NOUN,1,3
2635,consult,consult,VERB,1,3
2636,consume,consume,VERB,1,3
2637,contact,contact,VERB,1,3
2638,contemporary,contemporary,NOUN,1,3
2639,context,context,NOUN,1,3
2640,contract,contract,VERB,1,3
2641,contradict,contradict,VERB,1,3
2642,contrary,contrary,NOUN,1,3
2643,contrast,contrast,NOUN,1,3
2644,contribute,contribute,VERB,1,3
2645,controversy,controversy,NOUN,1,3
2646,convene,convene,VERB,1,3
2647,convention,convention,NOUN,1,3
2648,converse,converse,ADJ,1,3
2649,convert,convert,NOUN,1,3
2650,convince,convince,VERB,1,3
2651,cooperate,cooperate,VERB,1,3
2652,coordinate,coordinate,NOUN,1,3
2653,core,core,ADJ,1,3
2654,corporate,corporate,ADJ,1,3
2655,correspond,correspond,VERB,1,3
2656,couple,couple,NOUN,1,3
2657,create,create,VERB,1,3
2658,credit,credit,NOUN,1,3
2659,criteria,criteria,NOUN,1,3
2660,crucial,crucial,ADJ,1,3
2661,culture,culture,VERB,1,3
2662,currency,currency,NOUN,1,3
2663,cycle,cycle,VERB,1,3
2664,data,data,NOUN,1,3
2665,debate,debate,NOUN,1,3
2666,decade,decade,NOUN,1,3
2667,decline,decline,NOUN,1,3
2668,deduce,deduce,VERB,1,3
2669,define,define,VERB,1,3
2670,definite,definite,ADJ,1,3
2671,demonstrate,demonstrate,VERB,1,3
2672,denote,denote,VERB,1,3
2673,deny,deny,VERB,1,3
2674,depress,depress,VERB,1,3
2675,derive,derive,VERB,1,3
2676,design,design,NOUN,1,3
2677,despite,despite,ADP,1,3
2678,detect,detect,VERB,1,3
2679,deviate,deviate,VERB,1,3
2680,device,device,NOUN,1,3
2681,devote,devote,VERB,1,3
2682,differentiate,differentiate,VERB,1,3
2683,dimension,dimension,NOUN,1,3
2684,diminish,diminish,VERB,1,3
2685,discrete,discrete,ADJ,1,3
2686,discriminate,discriminate,VERB,1,3
2687,displace,displace,VERB,1,3
2688,display,display,NOUN,1,3
2689,dispose,dispose,VERB,1,3
2690,distinct,distinct,ADJ,1,3
2691,distort,distort,VERB,1,3
2692,distribute,distribute,VERB,1,3
2693,diverse,diverse,ADJ,1,3
2694,document,document,VERB,1,3
2695,domain,domain,NOUN,1,3
2696,domestic,domestic,ADJ,1,3
2697,dominate,dominate,VERB,1,3
2698,draft,draft,VERB,1,3
2699,drama,drama,NOUN,1,3
2700,duration,duration,NOUN,1,3
2701,dynamic,dynamic,NOUN,1,3
2702,economy,economy,NOUN,1,3
2703,edit,edit,NOUN,1,3
2704,element,element,NOUN,1,3
2705,eliminate,eliminate,VERB,1,3
2706,emerge,emerge,VERB,1,3
2707,emphasis,emphasis,NOUN,1,3
2708,empirical,empirical,ADJ,1,3
2709,enable,enable,VERB,1,3
2710,encounter,encounter,NOUN,1,3
2711,energy,energy,NOUN,1,3
2712,enforce,enforce,VERB,1,3
2713,enhance,enhance,VERB,1,3
2714,enormous,enormous,ADJ,1,3
2715,ensure,ensure,VERB,1,3
2716,entity,entity,NOUN,1,3
2717,environment,environment,NOUN,1,3
2718,equate,equate,VERB,1,3
2719,equip,equip,VERB,1,3
2720,equivalent,equivalent,ADJ,1,3
2721,erode,erode,VERB,1,3
2722,error,error,NOUN,1,3
2723,establish,establish,VERB,1,3
2724,estate,estate,NOUN,1,3
2725,estimate,estimate,VERB,1,3
2726,ethic,ethic,NOUN,1,3
2727,ethnic,ethnic,ADJ,1,3
2728,evaluate,evaluate,VERB,1,3
2729,eventual,eventual,ADJ,1,3
2730,evidence,evidence,VERB,1,3
2731,evolve,evolve,VERB,1,3
2732,exceed,exceed,VERB,1,3
2733,exclude,exclude,VERB,1,3
2734,exhibit,exhibit,VERB,1,3
2735,expand,expand,VERB,1,3
2736,expert,expert,ADJ,1,3
2737,explicit,explicit,ADJ,1,3
2738,exploit,exploit,NOUN,1,3
2739,export,export,VERB,1,3
2740,expose,expose,VERB,1,3
2741,external,external,ADJ,1,3
2742,extract,extract,VERB,1,3
2743,facilitate,facilitate,VERB,1,3
2744,factor,factor,VERB,1,3
2745,feature,feature,VERB,1,3
2746,federal,federal,ADJ,1,3
2747,fee,fee,NOUN,1,3
2748,file,file,VERB,1,3
2749,final,final,NOUN,1,3
2750,finance,finance,VERB,1,3
2751,finite,finite,ADJ,1,3
2752,flexible,flexible,ADJ,1,3
2753,fluctuate,fluctuate,VERB,1,3
2754,focus,focus,VERB,1,3
2755,format,format,NOUN,1,3
2756,formula,formula,NOUN,1,3
2757,forthcoming,forthcoming,ADJ,1,3
2758,foundation,foundation,NOUN,1,3
2759,found,found,VERB,1,3
2760,framework,framework,NOUN,1,3
2761,function,function,VERB,1,3
2762,fund,fund,NOUN,1,3
2763,fundamental,fundamental,NOUN,1,3
2764,furthermore,furthermore,ADV,1,3
2765,gender,gender,NOUN,1,3
2766,generate,generate,VERB,1,3
2767,generation,generation,NOUN,1,3
2768,globe,globe,NOUN,1,3
2769,goal,goal,NOUN,1,3
2770,grade,grade,NOUN,1,3
2771,grant,grant,VERB,1,3
2772,guarantee,guarantee,VERB,1,3
2773,guideline,guideline,NOUN,1,3
2774,hence,hence,ADV,1,3
2775,hierarchy,hierarchy,NOUN,1,3
2776,highlight,highlight,NOUN,1,3
2777,hypothesis,hypothesis,NOUN,1,3
2778,identical,identical,ADJ,1,3
2779,identify,identify,VERB,1,3
2780,ideology,ideology,NOUN,1,3
2781,ignorance,ignorance,NOUN,1,3
2782,illustrate,illustrate,VERB,1,3
2783,image,image,VERB,1,3
2784,immigrate,immigrate,VERB,1,3
2785,impact,impact,NOUN,1,3
2786,implement,implement,VERB,1,3
2787,implicate,implicate,VERB,1,3
2788,implicit,implicit,ADJ,1,3
2789,imply,imply,VERB,1,3
2790,import,import,VERB,1,3
2791,impose,impose,VERB,1,3
2792,incentive,incentive,NOUN,1,3
2793,incidence,incidence,NOUN,1,3
2794,incline,incline,VERB,1,3
2795,income,income,NOUN,1,3
2796,incorporate,incorporate,VERB,1,3
2797,index,index,NOUN,1,3
2798,indicate,indicate,VERB,1,3
2799,individual,individual,NOUN,1,3
2800,induce,induce,VERB,1,3
